id,model_short,model_id,source_file,experiment_id,timestamp,config_name,prompt_id,config_prompting,config_weighting,weight_factor,anon_model_code
1,Phi3,microsoft/Phi-3-mini-4k-instruct-gguf,src/evaluation/experiment_framework/results/Phi3/full_data/Phi3_full_experiment_full_1023_0034.csv,1aac2c7e-24cc-4096-bedc-4c3923b54cb3,2025-10-23T00:29:34.131806,Phi3_control,P1,False,False,1.5,M3
2,Phi3,microsoft/Phi-3-mini-4k-instruct-gguf,src/evaluation/experiment_framework/results/Phi3/full_data/Phi3_full_experiment_full_1023_0034.csv,b9c4a403-005a-4e25-b8ef-fbd433083518,2025-10-23T00:29:39.024765,Phi3_weighted,P1,False,True,1.5,M3
3,Phi3,microsoft/Phi-3-mini-4k-instruct-gguf,src/evaluation/experiment_framework/results/Phi3/full_data/Phi3_full_experiment_full_1023_0034.csv,718f92e1-3f57-413b-8d66-46066d939d90,2025-10-23T00:29:46.414175,Phi3_prompted,P1,True,False,1.5,M3
4,Phi3,microsoft/Phi-3-mini-4k-instruct-gguf,src/evaluation/experiment_framework/results/Phi3/full_data/Phi3_full_experiment_full_1023_0034.csv,fbd28562-4885-4745-a51e-a0d5931669b4,2025-10-23T00:29:50.548237,Phi3_weighted_prompted,P1,True,True,1.5,M3
5,Phi3,microsoft/Phi-3-mini-4k-instruct-gguf,src/evaluation/experiment_framework/results/Phi3/full_data/Phi3_full_experiment_full_1023_0034.csv,f8b1adc6-aece-4c54-a981-fb636b78bddf,2025-10-23T00:30:03.097243,Phi3_control,P2,False,False,1.5,M3
6,Phi3,microsoft/Phi-3-mini-4k-instruct-gguf,src/evaluation/experiment_framework/results/Phi3/full_data/Phi3_full_experiment_full_1023_0034.csv,de051564-3f39-4500-8b78-7e95dcf100f6,2025-10-23T00:30:10.365256,Phi3_weighted,P2,False,True,1.5,M3
7,Phi3,microsoft/Phi-3-mini-4k-instruct-gguf,src/evaluation/experiment_framework/results/Phi3/full_data/Phi3_full_experiment_full_1023_0034.csv,164839ff-b304-4381-8686-354e67885415,2025-10-23T00:30:16.352664,Phi3_prompted,P2,True,False,1.5,M3
8,Phi3,microsoft/Phi-3-mini-4k-instruct-gguf,src/evaluation/experiment_framework/results/Phi3/full_data/Phi3_full_experiment_full_1023_0034.csv,fb4c69d8-98b3-47d8-a5f9-850397e6cb3f,2025-10-23T00:30:20.877741,Phi3_weighted_prompted,P2,True,True,1.5,M3
9,Phi3,microsoft/Phi-3-mini-4k-instruct-gguf,src/evaluation/experiment_framework/results/Phi3/full_data/Phi3_full_experiment_full_1023_0034.csv,c097efc5-df65-43e6-a0a6-d09efc0a750b,2025-10-23T00:30:27.508849,Phi3_control,P3,False,False,1.5,M3
10,Phi3,microsoft/Phi-3-mini-4k-instruct-gguf,src/evaluation/experiment_framework/results/Phi3/full_data/Phi3_full_experiment_full_1023_0034.csv,743923a2-78d7-4f1c-8588-1f30054421a0,2025-10-23T00:30:34.734112,Phi3_weighted,P3,False,True,1.5,M3
11,Phi3,microsoft/Phi-3-mini-4k-instruct-gguf,src/evaluation/experiment_framework/results/Phi3/full_data/Phi3_full_experiment_full_1023_0034.csv,8e6c410c-133f-4060-8369-041ecc2e7012,2025-10-23T00:30:38.340689,Phi3_prompted,P3,True,False,1.5,M3
12,Phi3,microsoft/Phi-3-mini-4k-instruct-gguf,src/evaluation/experiment_framework/results/Phi3/full_data/Phi3_full_experiment_full_1023_0034.csv,0011cee1-59a1-4994-96ec-c541f9d56e37,2025-10-23T00:30:42.743294,Phi3_weighted_prompted,P3,True,True,1.5,M3
13,Phi3,microsoft/Phi-3-mini-4k-instruct-gguf,src/evaluation/experiment_framework/results/Phi3/full_data/Phi3_full_experiment_full_1023_0034.csv,775b3e3a-cc93-4d8e-b4ea-4113daffdadd,2025-10-23T00:30:47.799283,Phi3_control,P4,False,False,1.5,M3
14,Phi3,microsoft/Phi-3-mini-4k-instruct-gguf,src/evaluation/experiment_framework/results/Phi3/full_data/Phi3_full_experiment_full_1023_0034.csv,bbf6ab43-b02a-4b7f-b6bd-02f4ff2254d3,2025-10-23T00:30:53.248766,Phi3_weighted,P4,False,True,1.5,M3
15,Phi3,microsoft/Phi-3-mini-4k-instruct-gguf,src/evaluation/experiment_framework/results/Phi3/full_data/Phi3_full_experiment_full_1023_0034.csv,1c0241ea-e24b-4018-95e5-9c6c7391567f,2025-10-23T00:30:56.443669,Phi3_prompted,P4,True,False,1.5,M3
16,Phi3,microsoft/Phi-3-mini-4k-instruct-gguf,src/evaluation/experiment_framework/results/Phi3/full_data/Phi3_full_experiment_full_1023_0034.csv,742e07e7-768f-44bc-a048-b9ceacc792de,2025-10-23T00:31:02.861894,Phi3_weighted_prompted,P4,True,True,1.5,M3
17,Phi3,microsoft/Phi-3-mini-4k-instruct-gguf,src/evaluation/experiment_framework/results/Phi3/full_data/Phi3_full_experiment_full_1023_0034.csv,bb65ccce-13d6-46cc-87a2-373cdfdbaf4b,2025-10-23T00:31:12.433991,Phi3_control,P5,False,False,1.5,M3
18,Phi3,microsoft/Phi-3-mini-4k-instruct-gguf,src/evaluation/experiment_framework/results/Phi3/full_data/Phi3_full_experiment_full_1023_0034.csv,1421b498-bcb0-4ae7-a1fd-5d02292001da,2025-10-23T00:31:21.207044,Phi3_weighted,P5,False,True,1.5,M3
19,Phi3,microsoft/Phi-3-mini-4k-instruct-gguf,src/evaluation/experiment_framework/results/Phi3/full_data/Phi3_full_experiment_full_1023_0034.csv,b19d9251-803c-46c6-a5fc-0768a8f068da,2025-10-23T00:31:26.489990,Phi3_prompted,P5,True,False,1.5,M3
20,Phi3,microsoft/Phi-3-mini-4k-instruct-gguf,src/evaluation/experiment_framework/results/Phi3/full_data/Phi3_full_experiment_full_1023_0034.csv,4ca2535a-fbfe-4d79-b75c-a534604803b5,2025-10-23T00:31:32.534797,Phi3_weighted_prompted,P5,True,True,1.5,M3
21,Phi3,microsoft/Phi-3-mini-4k-instruct-gguf,src/evaluation/experiment_framework/results/Phi3/full_data/Phi3_full_experiment_full_1023_0034.csv,6a9a814f-d0d3-4ba0-b321-4754b56b858f,2025-10-23T00:31:38.110836,Phi3_control,P6,False,False,1.5,M3
22,Phi3,microsoft/Phi-3-mini-4k-instruct-gguf,src/evaluation/experiment_framework/results/Phi3/full_data/Phi3_full_experiment_full_1023_0034.csv,1ea0beda-9d76-41e5-b858-cb5961536bcb,2025-10-23T00:31:46.254139,Phi3_weighted,P6,False,True,1.5,M3
23,Phi3,microsoft/Phi-3-mini-4k-instruct-gguf,src/evaluation/experiment_framework/results/Phi3/full_data/Phi3_full_experiment_full_1023_0034.csv,13940914-8ee7-44ff-8782-d5679e06571a,2025-10-23T00:31:50.153589,Phi3_prompted,P6,True,False,1.5,M3
24,Phi3,microsoft/Phi-3-mini-4k-instruct-gguf,src/evaluation/experiment_framework/results/Phi3/full_data/Phi3_full_experiment_full_1023_0034.csv,9c70beeb-3e0e-43c7-a8a1-1e599b49e2e7,2025-10-23T00:31:53.960530,Phi3_weighted_prompted,P6,True,True,1.5,M3
25,Phi3,microsoft/Phi-3-mini-4k-instruct-gguf,src/evaluation/experiment_framework/results/Phi3/full_data/Phi3_full_experiment_full_1023_0034.csv,24e6b561-c06f-4037-86ee-fbc2d5d2b8c4,2025-10-23T00:31:58.330662,Phi3_control,P7,False,False,1.5,M3
26,Phi3,microsoft/Phi-3-mini-4k-instruct-gguf,src/evaluation/experiment_framework/results/Phi3/full_data/Phi3_full_experiment_full_1023_0034.csv,029e825d-2751-4e0c-a044-6b46c07d62e3,2025-10-23T00:32:02.512760,Phi3_weighted,P7,False,True,1.5,M3
27,Phi3,microsoft/Phi-3-mini-4k-instruct-gguf,src/evaluation/experiment_framework/results/Phi3/full_data/Phi3_full_experiment_full_1023_0034.csv,f5b6aa0b-fecb-47d4-a78d-2af29ba2e0c7,2025-10-23T00:32:06.275969,Phi3_prompted,P7,True,False,1.5,M3
28,Phi3,microsoft/Phi-3-mini-4k-instruct-gguf,src/evaluation/experiment_framework/results/Phi3/full_data/Phi3_full_experiment_full_1023_0034.csv,2b2d6411-e72d-4fb5-80e1-a780bd9a36bf,2025-10-23T00:32:09.227394,Phi3_weighted_prompted,P7,True,True,1.5,M3
29,Phi3,microsoft/Phi-3-mini-4k-instruct-gguf,src/evaluation/experiment_framework/results/Phi3/full_data/Phi3_full_experiment_full_1023_0034.csv,447de085-74be-43f9-aa99-4121694f414c,2025-10-23T00:32:17.002061,Phi3_control,P8,False,False,1.5,M3
30,Phi3,microsoft/Phi-3-mini-4k-instruct-gguf,src/evaluation/experiment_framework/results/Phi3/full_data/Phi3_full_experiment_full_1023_0034.csv,e2e81e9c-6588-4649-a3b0-5c6eff227f66,2025-10-23T00:32:26.795409,Phi3_weighted,P8,False,True,1.5,M3
31,Phi3,microsoft/Phi-3-mini-4k-instruct-gguf,src/evaluation/experiment_framework/results/Phi3/full_data/Phi3_full_experiment_full_1023_0034.csv,cfd73c3a-11a1-41a4-8699-375f5b68eda8,2025-10-23T00:32:30.845257,Phi3_prompted,P8,True,False,1.5,M3
32,Phi3,microsoft/Phi-3-mini-4k-instruct-gguf,src/evaluation/experiment_framework/results/Phi3/full_data/Phi3_full_experiment_full_1023_0034.csv,fdb90a61-af2e-41fd-89a6-82fdacbb39e0,2025-10-23T00:32:35.067193,Phi3_weighted_prompted,P8,True,True,1.5,M3
33,Phi3,microsoft/Phi-3-mini-4k-instruct-gguf,src/evaluation/experiment_framework/results/Phi3/full_data/Phi3_full_experiment_full_1023_0034.csv,7f44de8d-10e3-41fc-bfee-828835e31339,2025-10-23T00:32:40.274235,Phi3_control,P9,False,False,1.5,M3
34,Phi3,microsoft/Phi-3-mini-4k-instruct-gguf,src/evaluation/experiment_framework/results/Phi3/full_data/Phi3_full_experiment_full_1023_0034.csv,d58b3840-75fa-4204-bedf-973e26888254,2025-10-23T00:32:46.790197,Phi3_weighted,P9,False,True,1.5,M3
35,Phi3,microsoft/Phi-3-mini-4k-instruct-gguf,src/evaluation/experiment_framework/results/Phi3/full_data/Phi3_full_experiment_full_1023_0034.csv,55d61bc5-866c-467f-ba06-be5d4ce4a161,2025-10-23T00:32:50.776352,Phi3_prompted,P9,True,False,1.5,M3
36,Phi3,microsoft/Phi-3-mini-4k-instruct-gguf,src/evaluation/experiment_framework/results/Phi3/full_data/Phi3_full_experiment_full_1023_0034.csv,2722f646-9065-4ac5-b631-aff6ae9344a1,2025-10-23T00:32:53.582413,Phi3_weighted_prompted,P9,True,True,1.5,M3
37,Phi3,microsoft/Phi-3-mini-4k-instruct-gguf,src/evaluation/experiment_framework/results/Phi3/full_data/Phi3_full_experiment_full_1023_0034.csv,37b4c5ee-5d66-4e32-9095-1af4f340f5bd,2025-10-23T00:32:57.984707,Phi3_control,P10,False,False,1.5,M3
38,Phi3,microsoft/Phi-3-mini-4k-instruct-gguf,src/evaluation/experiment_framework/results/Phi3/full_data/Phi3_full_experiment_full_1023_0034.csv,3b4c5f25-15ed-4c8d-a82f-7c281a9f369b,2025-10-23T00:33:02.166164,Phi3_weighted,P10,False,True,1.5,M3
39,Phi3,microsoft/Phi-3-mini-4k-instruct-gguf,src/evaluation/experiment_framework/results/Phi3/full_data/Phi3_full_experiment_full_1023_0034.csv,12c63f3e-342c-41d5-aa5a-4df6f50bc85e,2025-10-23T00:33:05.949564,Phi3_prompted,P10,True,False,1.5,M3
40,Phi3,microsoft/Phi-3-mini-4k-instruct-gguf,src/evaluation/experiment_framework/results/Phi3/full_data/Phi3_full_experiment_full_1023_0034.csv,09d27991-cff6-4d50-97a2-48d623282d22,2025-10-23T00:33:08.648019,Phi3_weighted_prompted,P10,True,True,1.5,M3
41,Phi3,microsoft/Phi-3-mini-4k-instruct-gguf,src/evaluation/experiment_framework/results/Phi3/full_data/Phi3_full_experiment_full_1023_0034.csv,e8d0ac54-3b26-4b91-8138-1a3d591e551b,2025-10-23T00:33:13.026583,Phi3_control,P11,False,False,1.5,M3
42,Phi3,microsoft/Phi-3-mini-4k-instruct-gguf,src/evaluation/experiment_framework/results/Phi3/full_data/Phi3_full_experiment_full_1023_0034.csv,15c47f79-5929-49d8-b187-928206c62980,2025-10-23T00:33:17.607883,Phi3_weighted,P11,False,True,1.5,M3
43,Phi3,microsoft/Phi-3-mini-4k-instruct-gguf,src/evaluation/experiment_framework/results/Phi3/full_data/Phi3_full_experiment_full_1023_0034.csv,9fc3399b-968d-470b-b256-2155e288a148,2025-10-23T00:33:20.023322,Phi3_prompted,P11,True,False,1.5,M3
44,Phi3,microsoft/Phi-3-mini-4k-instruct-gguf,src/evaluation/experiment_framework/results/Phi3/full_data/Phi3_full_experiment_full_1023_0034.csv,4902f9e1-12cd-4972-9175-7788250150a0,2025-10-23T00:33:22.884933,Phi3_weighted_prompted,P11,True,True,1.5,M3
45,Phi3,microsoft/Phi-3-mini-4k-instruct-gguf,src/evaluation/experiment_framework/results/Phi3/full_data/Phi3_full_experiment_full_1023_0034.csv,f0f77dbe-1025-46f1-96bd-3bcebb52fea9,2025-10-23T00:33:29.806261,Phi3_control,P12,False,False,1.5,M3
46,Phi3,microsoft/Phi-3-mini-4k-instruct-gguf,src/evaluation/experiment_framework/results/Phi3/full_data/Phi3_full_experiment_full_1023_0034.csv,5df24d77-d82e-444a-a272-70982f5429dc,2025-10-23T00:33:33.901423,Phi3_weighted,P12,False,True,1.5,M3
47,Phi3,microsoft/Phi-3-mini-4k-instruct-gguf,src/evaluation/experiment_framework/results/Phi3/full_data/Phi3_full_experiment_full_1023_0034.csv,dfe5057d-7577-48e6-8d4f-a6785bb17fb3,2025-10-23T00:33:36.740854,Phi3_prompted,P12,True,False,1.5,M3
48,Phi3,microsoft/Phi-3-mini-4k-instruct-gguf,src/evaluation/experiment_framework/results/Phi3/full_data/Phi3_full_experiment_full_1023_0034.csv,aa06d0ea-378f-404d-aed9-6fe459331ba8,2025-10-23T00:33:39.168604,Phi3_weighted_prompted,P12,True,True,1.5,M3
49,Phi3,microsoft/Phi-3-mini-4k-instruct-gguf,src/evaluation/experiment_framework/results/Phi3/full_data/Phi3_full_experiment_full_1023_0034.csv,7f9e2170-c3f1-4d29-be11-18eca7ffe707,2025-10-23T00:33:44.209880,Phi3_control,P13,False,False,1.5,M3
50,Phi3,microsoft/Phi-3-mini-4k-instruct-gguf,src/evaluation/experiment_framework/results/Phi3/full_data/Phi3_full_experiment_full_1023_0034.csv,c7ed5017-d997-49f3-acf1-8c5e302c8b41,2025-10-23T00:33:48.060736,Phi3_weighted,P13,False,True,1.5,M3
51,Phi3,microsoft/Phi-3-mini-4k-instruct-gguf,src/evaluation/experiment_framework/results/Phi3/full_data/Phi3_full_experiment_full_1023_0034.csv,b8eb746e-b384-4b37-b681-1cb76b8ead55,2025-10-23T00:33:51.753495,Phi3_prompted,P13,True,False,1.5,M3
52,Phi3,microsoft/Phi-3-mini-4k-instruct-gguf,src/evaluation/experiment_framework/results/Phi3/full_data/Phi3_full_experiment_full_1023_0034.csv,60ade393-2d73-4b96-8d35-3e3b8cf3fbad,2025-10-23T00:33:55.686965,Phi3_weighted_prompted,P13,True,True,1.5,M3
53,Phi3,microsoft/Phi-3-mini-4k-instruct-gguf,src/evaluation/experiment_framework/results/Phi3/full_data/Phi3_full_experiment_full_1023_0034.csv,aac67bc3-4194-48e6-9467-d34d1d6291f5,2025-10-23T00:33:59.437649,Phi3_control,P14,False,False,1.5,M3
54,Phi3,microsoft/Phi-3-mini-4k-instruct-gguf,src/evaluation/experiment_framework/results/Phi3/full_data/Phi3_full_experiment_full_1023_0034.csv,a4796e7c-3ecc-45bd-93d0-0600ac79aba6,2025-10-23T00:34:04.595748,Phi3_weighted,P14,False,True,1.5,M3
55,Phi3,microsoft/Phi-3-mini-4k-instruct-gguf,src/evaluation/experiment_framework/results/Phi3/full_data/Phi3_full_experiment_full_1023_0034.csv,5a2d18a5-98c1-4082-9796-09e4e8b19506,2025-10-23T00:34:08.663582,Phi3_prompted,P14,True,False,1.5,M3
56,Phi3,microsoft/Phi-3-mini-4k-instruct-gguf,src/evaluation/experiment_framework/results/Phi3/full_data/Phi3_full_experiment_full_1023_0034.csv,70c86164-0433-4320-b1c2-a0166daff431,2025-10-23T00:34:11.280288,Phi3_weighted_prompted,P14,True,True,1.5,M3
57,Phi3,microsoft/Phi-3-mini-4k-instruct-gguf,src/evaluation/experiment_framework/results/Phi3/full_data/Phi3_full_experiment_full_1023_0034.csv,4bbef150-4478-4f5f-8e1b-d55d1145fb30,2025-10-23T00:34:19.693213,Phi3_control,P15,False,False,1.5,M3
58,Phi3,microsoft/Phi-3-mini-4k-instruct-gguf,src/evaluation/experiment_framework/results/Phi3/full_data/Phi3_full_experiment_full_1023_0034.csv,273a4198-18c5-42c4-9606-98333c943ce7,2025-10-23T00:34:27.067741,Phi3_weighted,P15,False,True,1.5,M3
59,Phi3,microsoft/Phi-3-mini-4k-instruct-gguf,src/evaluation/experiment_framework/results/Phi3/full_data/Phi3_full_experiment_full_1023_0034.csv,7d92c26d-8db2-418e-ab6e-816692fdc3af,2025-10-23T00:34:31.217580,Phi3_prompted,P15,True,False,1.5,M3
60,Phi3,microsoft/Phi-3-mini-4k-instruct-gguf,src/evaluation/experiment_framework/results/Phi3/full_data/Phi3_full_experiment_full_1023_0034.csv,a447d73f-84ae-47fa-b491-06eb6af9625e,2025-10-23T00:34:33.788739,Phi3_weighted_prompted,P15,True,True,1.5,M3
61,Qwen2,Qwen/Qwen2.5-0.5B-Instruct-GGUF,src/evaluation/experiment_framework/results/Qwen2/full_data/Qwen2_full_experiment_full_1023_0025.csv,ec5e2e74-d76a-4cd6-90d0-39f5c400e926,2025-10-23T00:24:58.768114,Qwen2_control,P1,False,False,1.5,M2
62,Qwen2,Qwen/Qwen2.5-0.5B-Instruct-GGUF,src/evaluation/experiment_framework/results/Qwen2/full_data/Qwen2_full_experiment_full_1023_0025.csv,2eff315a-b214-4aab-b08a-7432f15ea038,2025-10-23T00:24:59.349512,Qwen2_weighted,P1,False,True,1.5,M2
63,Qwen2,Qwen/Qwen2.5-0.5B-Instruct-GGUF,src/evaluation/experiment_framework/results/Qwen2/full_data/Qwen2_full_experiment_full_1023_0025.csv,9f031632-12f6-43e6-9b6b-c3cad6cd1512,2025-10-23T00:24:59.815616,Qwen2_prompted,P1,True,False,1.5,M2
64,Qwen2,Qwen/Qwen2.5-0.5B-Instruct-GGUF,src/evaluation/experiment_framework/results/Qwen2/full_data/Qwen2_full_experiment_full_1023_0025.csv,0c1007d6-6a81-4323-b2a9-9f9da6600ce2,2025-10-23T00:25:00.505738,Qwen2_weighted_prompted,P1,True,True,1.5,M2
65,Qwen2,Qwen/Qwen2.5-0.5B-Instruct-GGUF,src/evaluation/experiment_framework/results/Qwen2/full_data/Qwen2_full_experiment_full_1023_0025.csv,671d466e-3acb-4bf8-a493-a31af39edbcf,2025-10-23T00:25:01.181831,Qwen2_control,P2,False,False,1.5,M2
66,Qwen2,Qwen/Qwen2.5-0.5B-Instruct-GGUF,src/evaluation/experiment_framework/results/Qwen2/full_data/Qwen2_full_experiment_full_1023_0025.csv,86e9e812-a576-44b8-8d34-bd32db729b12,2025-10-23T00:25:01.782254,Qwen2_weighted,P2,False,True,1.5,M2
67,Qwen2,Qwen/Qwen2.5-0.5B-Instruct-GGUF,src/evaluation/experiment_framework/results/Qwen2/full_data/Qwen2_full_experiment_full_1023_0025.csv,c99e87a2-4b6b-4bfa-819e-3514477a8682,2025-10-23T00:25:02.980720,Qwen2_prompted,P2,True,False,1.5,M2
68,Qwen2,Qwen/Qwen2.5-0.5B-Instruct-GGUF,src/evaluation/experiment_framework/results/Qwen2/full_data/Qwen2_full_experiment_full_1023_0025.csv,cc1bfb09-23a2-40be-a126-9dc0ea7b2265,2025-10-23T00:25:03.222938,Qwen2_weighted_prompted,P2,True,True,1.5,M2
69,Qwen2,Qwen/Qwen2.5-0.5B-Instruct-GGUF,src/evaluation/experiment_framework/results/Qwen2/full_data/Qwen2_full_experiment_full_1023_0025.csv,cb3d1a7e-0fa6-458e-a940-6b4e18dfb73c,2025-10-23T00:25:03.910033,Qwen2_control,P3,False,False,1.5,M2
70,Qwen2,Qwen/Qwen2.5-0.5B-Instruct-GGUF,src/evaluation/experiment_framework/results/Qwen2/full_data/Qwen2_full_experiment_full_1023_0025.csv,7c8ca456-0de3-4c9f-840f-fed2f09511db,2025-10-23T00:25:04.747380,Qwen2_weighted,P3,False,True,1.5,M2
71,Qwen2,Qwen/Qwen2.5-0.5B-Instruct-GGUF,src/evaluation/experiment_framework/results/Qwen2/full_data/Qwen2_full_experiment_full_1023_0025.csv,7a3e2736-6889-45e7-ade0-fc5334a63d10,2025-10-23T00:25:05.128442,Qwen2_prompted,P3,True,False,1.5,M2
72,Qwen2,Qwen/Qwen2.5-0.5B-Instruct-GGUF,src/evaluation/experiment_framework/results/Qwen2/full_data/Qwen2_full_experiment_full_1023_0025.csv,3a18f7bf-d193-4de0-9b78-c3c04cd720be,2025-10-23T00:25:05.817716,Qwen2_weighted_prompted,P3,True,True,1.5,M2
73,Qwen2,Qwen/Qwen2.5-0.5B-Instruct-GGUF,src/evaluation/experiment_framework/results/Qwen2/full_data/Qwen2_full_experiment_full_1023_0025.csv,f3120628-9eac-4d25-ba5d-cc18a491f844,2025-10-23T00:25:06.244383,Qwen2_control,P4,False,False,1.5,M2
74,Qwen2,Qwen/Qwen2.5-0.5B-Instruct-GGUF,src/evaluation/experiment_framework/results/Qwen2/full_data/Qwen2_full_experiment_full_1023_0025.csv,d6837ced-58a5-4d71-9bc9-042ace22c1f4,2025-10-23T00:25:07.056436,Qwen2_weighted,P4,False,True,1.5,M2
75,Qwen2,Qwen/Qwen2.5-0.5B-Instruct-GGUF,src/evaluation/experiment_framework/results/Qwen2/full_data/Qwen2_full_experiment_full_1023_0025.csv,2901b7ed-a5c4-4229-b903-20edd6827bae,2025-10-23T00:25:07.736884,Qwen2_prompted,P4,True,False,1.5,M2
76,Qwen2,Qwen/Qwen2.5-0.5B-Instruct-GGUF,src/evaluation/experiment_framework/results/Qwen2/full_data/Qwen2_full_experiment_full_1023_0025.csv,fe207875-3743-4c72-b6b9-ee84f4b9b346,2025-10-23T00:25:08.314717,Qwen2_weighted_prompted,P4,True,True,1.5,M2
77,Qwen2,Qwen/Qwen2.5-0.5B-Instruct-GGUF,src/evaluation/experiment_framework/results/Qwen2/full_data/Qwen2_full_experiment_full_1023_0025.csv,b200c830-148d-4e98-a0a7-8227237bb455,2025-10-23T00:25:09.116927,Qwen2_control,P5,False,False,1.5,M2
78,Qwen2,Qwen/Qwen2.5-0.5B-Instruct-GGUF,src/evaluation/experiment_framework/results/Qwen2/full_data/Qwen2_full_experiment_full_1023_0025.csv,be46917b-a6d0-440e-a4f0-c3f2b0f22d8e,2025-10-23T00:25:09.539244,Qwen2_weighted,P5,False,True,1.5,M2
79,Qwen2,Qwen/Qwen2.5-0.5B-Instruct-GGUF,src/evaluation/experiment_framework/results/Qwen2/full_data/Qwen2_full_experiment_full_1023_0025.csv,12f31f2a-febc-47c6-8bce-e56350b9b402,2025-10-23T00:25:10.202778,Qwen2_prompted,P5,True,False,1.5,M2
80,Qwen2,Qwen/Qwen2.5-0.5B-Instruct-GGUF,src/evaluation/experiment_framework/results/Qwen2/full_data/Qwen2_full_experiment_full_1023_0025.csv,a6cb70c2-a0d8-4c18-895f-e78df387b5d1,2025-10-23T00:25:10.624122,Qwen2_weighted_prompted,P5,True,True,1.5,M2
81,Qwen2,Qwen/Qwen2.5-0.5B-Instruct-GGUF,src/evaluation/experiment_framework/results/Qwen2/full_data/Qwen2_full_experiment_full_1023_0025.csv,85f9fd63-917a-4f28-ae4d-de174cbb64b4,2025-10-23T00:25:10.915201,Qwen2_control,P6,False,False,1.5,M2
82,Qwen2,Qwen/Qwen2.5-0.5B-Instruct-GGUF,src/evaluation/experiment_framework/results/Qwen2/full_data/Qwen2_full_experiment_full_1023_0025.csv,f3a33053-607b-4417-b7bc-7a7b4058b0f5,2025-10-23T00:25:11.741903,Qwen2_weighted,P6,False,True,1.5,M2
83,Qwen2,Qwen/Qwen2.5-0.5B-Instruct-GGUF,src/evaluation/experiment_framework/results/Qwen2/full_data/Qwen2_full_experiment_full_1023_0025.csv,f46ec612-ead8-45df-83a1-3c3066df65bd,2025-10-23T00:25:12.925059,Qwen2_prompted,P6,True,False,1.5,M2
84,Qwen2,Qwen/Qwen2.5-0.5B-Instruct-GGUF,src/evaluation/experiment_framework/results/Qwen2/full_data/Qwen2_full_experiment_full_1023_0025.csv,0c28830e-5088-4292-9191-6aacc9561955,2025-10-23T00:25:13.751792,Qwen2_weighted_prompted,P6,True,True,1.5,M2
85,Qwen2,Qwen/Qwen2.5-0.5B-Instruct-GGUF,src/evaluation/experiment_framework/results/Qwen2/full_data/Qwen2_full_experiment_full_1023_0025.csv,ad9b04ff-a905-4a4d-b0a8-90aba3b84feb,2025-10-23T00:25:14.554370,Qwen2_control,P7,False,False,1.5,M2
86,Qwen2,Qwen/Qwen2.5-0.5B-Instruct-GGUF,src/evaluation/experiment_framework/results/Qwen2/full_data/Qwen2_full_experiment_full_1023_0025.csv,f77ff6a0-3da8-4e4f-a8de-d44a5639f558,2025-10-23T00:25:15.488087,Qwen2_weighted,P7,False,True,1.5,M2
87,Qwen2,Qwen/Qwen2.5-0.5B-Instruct-GGUF,src/evaluation/experiment_framework/results/Qwen2/full_data/Qwen2_full_experiment_full_1023_0025.csv,8061d0d6-c56c-4620-b3df-9fe5c7dbad21,2025-10-23T00:25:15.889481,Qwen2_prompted,P7,True,False,1.5,M2
88,Qwen2,Qwen/Qwen2.5-0.5B-Instruct-GGUF,src/evaluation/experiment_framework/results/Qwen2/full_data/Qwen2_full_experiment_full_1023_0025.csv,2be01a01-473f-42ff-bafa-ea8bf40bdee1,2025-10-23T00:25:16.423158,Qwen2_weighted_prompted,P7,True,True,1.5,M2
89,Qwen2,Qwen/Qwen2.5-0.5B-Instruct-GGUF,src/evaluation/experiment_framework/results/Qwen2/full_data/Qwen2_full_experiment_full_1023_0025.csv,64befb77-32da-4285-bc70-9875bfc85c5e,2025-10-23T00:25:17.181296,Qwen2_control,P8,False,False,1.5,M2
90,Qwen2,Qwen/Qwen2.5-0.5B-Instruct-GGUF,src/evaluation/experiment_framework/results/Qwen2/full_data/Qwen2_full_experiment_full_1023_0025.csv,e19828ef-2081-4269-adff-6839155aa225,2025-10-23T00:25:18.468373,Qwen2_weighted,P8,False,True,1.5,M2
91,Qwen2,Qwen/Qwen2.5-0.5B-Instruct-GGUF,src/evaluation/experiment_framework/results/Qwen2/full_data/Qwen2_full_experiment_full_1023_0025.csv,2b983a26-6625-4554-9b6d-f5bdd8a60d39,2025-10-23T00:25:19.582982,Qwen2_prompted,P8,True,False,1.5,M2
92,Qwen2,Qwen/Qwen2.5-0.5B-Instruct-GGUF,src/evaluation/experiment_framework/results/Qwen2/full_data/Qwen2_full_experiment_full_1023_0025.csv,83b8dacf-7c8f-4399-84b6-842a3e3271ad,2025-10-23T00:25:21.106614,Qwen2_weighted_prompted,P8,True,True,1.5,M2
93,Qwen2,Qwen/Qwen2.5-0.5B-Instruct-GGUF,src/evaluation/experiment_framework/results/Qwen2/full_data/Qwen2_full_experiment_full_1023_0025.csv,bd0d7d27-1d4c-46e4-9ae8-2ddb548f87cb,2025-10-23T00:25:21.302678,Qwen2_control,P9,False,False,1.5,M2
94,Qwen2,Qwen/Qwen2.5-0.5B-Instruct-GGUF,src/evaluation/experiment_framework/results/Qwen2/full_data/Qwen2_full_experiment_full_1023_0025.csv,0da99fa7-94f0-49ec-a991-3ea040ef250f,2025-10-23T00:25:21.718501,Qwen2_weighted,P9,False,True,1.5,M2
95,Qwen2,Qwen/Qwen2.5-0.5B-Instruct-GGUF,src/evaluation/experiment_framework/results/Qwen2/full_data/Qwen2_full_experiment_full_1023_0025.csv,a000c0eb-791b-4ed6-8ef6-b1b39068d135,2025-10-23T00:25:21.967746,Qwen2_prompted,P9,True,False,1.5,M2
96,Qwen2,Qwen/Qwen2.5-0.5B-Instruct-GGUF,src/evaluation/experiment_framework/results/Qwen2/full_data/Qwen2_full_experiment_full_1023_0025.csv,de764dd6-3c89-4feb-bdbf-24b5c86d0089,2025-10-23T00:25:22.167584,Qwen2_weighted_prompted,P9,True,True,1.5,M2
97,Qwen2,Qwen/Qwen2.5-0.5B-Instruct-GGUF,src/evaluation/experiment_framework/results/Qwen2/full_data/Qwen2_full_experiment_full_1023_0025.csv,85cd258d-18e9-40e9-ac41-164ad649d227,2025-10-23T00:25:22.417401,Qwen2_control,P10,False,False,1.5,M2
98,Qwen2,Qwen/Qwen2.5-0.5B-Instruct-GGUF,src/evaluation/experiment_framework/results/Qwen2/full_data/Qwen2_full_experiment_full_1023_0025.csv,d993dfba-6e07-48e9-ac20-ccb41f91087a,2025-10-23T00:25:22.671892,Qwen2_weighted,P10,False,True,1.5,M2
99,Qwen2,Qwen/Qwen2.5-0.5B-Instruct-GGUF,src/evaluation/experiment_framework/results/Qwen2/full_data/Qwen2_full_experiment_full_1023_0025.csv,71e5c50e-e7c0-4bb3-88ec-190f69e4eb48,2025-10-23T00:25:23.022888,Qwen2_prompted,P10,True,False,1.5,M2
100,Qwen2,Qwen/Qwen2.5-0.5B-Instruct-GGUF,src/evaluation/experiment_framework/results/Qwen2/full_data/Qwen2_full_experiment_full_1023_0025.csv,7ae3810f-2cfd-4243-8acb-0811fe0d6e9e,2025-10-23T00:25:23.276724,Qwen2_weighted_prompted,P10,True,True,1.5,M2
101,Qwen2,Qwen/Qwen2.5-0.5B-Instruct-GGUF,src/evaluation/experiment_framework/results/Qwen2/full_data/Qwen2_full_experiment_full_1023_0025.csv,0767034c-4667-417a-906e-b037bd6ad945,2025-10-23T00:25:24.021635,Qwen2_control,P11,False,False,1.5,M2
102,Qwen2,Qwen/Qwen2.5-0.5B-Instruct-GGUF,src/evaluation/experiment_framework/results/Qwen2/full_data/Qwen2_full_experiment_full_1023_0025.csv,7f1be998-aa00-4419-ad0f-530eb2763f72,2025-10-23T00:25:24.281344,Qwen2_weighted,P11,False,True,1.5,M2
103,Qwen2,Qwen/Qwen2.5-0.5B-Instruct-GGUF,src/evaluation/experiment_framework/results/Qwen2/full_data/Qwen2_full_experiment_full_1023_0025.csv,9497fc39-0bad-4680-bb1c-8eeff067560a,2025-10-23T00:25:24.821578,Qwen2_prompted,P11,True,False,1.5,M2
104,Qwen2,Qwen/Qwen2.5-0.5B-Instruct-GGUF,src/evaluation/experiment_framework/results/Qwen2/full_data/Qwen2_full_experiment_full_1023_0025.csv,49693881-9bd4-4389-aee1-66ce56038a63,2025-10-23T00:25:26.284647,Qwen2_weighted_prompted,P11,True,True,1.5,M2
105,Qwen2,Qwen/Qwen2.5-0.5B-Instruct-GGUF,src/evaluation/experiment_framework/results/Qwen2/full_data/Qwen2_full_experiment_full_1023_0025.csv,25b38d98-3122-4bed-ac44-ea2051fe7d84,2025-10-23T00:25:26.548306,Qwen2_control,P12,False,False,1.5,M2
106,Qwen2,Qwen/Qwen2.5-0.5B-Instruct-GGUF,src/evaluation/experiment_framework/results/Qwen2/full_data/Qwen2_full_experiment_full_1023_0025.csv,f4a7ba5c-8362-4bb9-9caa-ff6534f920f7,2025-10-23T00:25:26.871478,Qwen2_weighted,P12,False,True,1.5,M2
107,Qwen2,Qwen/Qwen2.5-0.5B-Instruct-GGUF,src/evaluation/experiment_framework/results/Qwen2/full_data/Qwen2_full_experiment_full_1023_0025.csv,ee60c171-b874-47c7-aa78-8ca5f1c29cf1,2025-10-23T00:25:28.405509,Qwen2_prompted,P12,True,False,1.5,M2
108,Qwen2,Qwen/Qwen2.5-0.5B-Instruct-GGUF,src/evaluation/experiment_framework/results/Qwen2/full_data/Qwen2_full_experiment_full_1023_0025.csv,d4cfd8af-f994-423a-9f93-d559878ad89b,2025-10-23T00:25:28.887796,Qwen2_weighted_prompted,P12,True,True,1.5,M2
109,Qwen2,Qwen/Qwen2.5-0.5B-Instruct-GGUF,src/evaluation/experiment_framework/results/Qwen2/full_data/Qwen2_full_experiment_full_1023_0025.csv,235d7f7f-a9b1-467a-b55d-fd8fb5eee5cf,2025-10-23T00:25:29.760069,Qwen2_control,P13,False,False,1.5,M2
110,Qwen2,Qwen/Qwen2.5-0.5B-Instruct-GGUF,src/evaluation/experiment_framework/results/Qwen2/full_data/Qwen2_full_experiment_full_1023_0025.csv,124c922a-5061-4e4c-856d-a3b5afeeb9d2,2025-10-23T00:25:30.202392,Qwen2_weighted,P13,False,True,1.5,M2
111,Qwen2,Qwen/Qwen2.5-0.5B-Instruct-GGUF,src/evaluation/experiment_framework/results/Qwen2/full_data/Qwen2_full_experiment_full_1023_0025.csv,e5294c7b-6c98-4e7a-a954-41b6f8cc7009,2025-10-23T00:25:30.962166,Qwen2_prompted,P13,True,False,1.5,M2
112,Qwen2,Qwen/Qwen2.5-0.5B-Instruct-GGUF,src/evaluation/experiment_framework/results/Qwen2/full_data/Qwen2_full_experiment_full_1023_0025.csv,1dfcbd2a-b760-43c7-b2fa-f68ab9fc7b10,2025-10-23T00:25:32.457505,Qwen2_weighted_prompted,P13,True,True,1.5,M2
113,Qwen2,Qwen/Qwen2.5-0.5B-Instruct-GGUF,src/evaluation/experiment_framework/results/Qwen2/full_data/Qwen2_full_experiment_full_1023_0025.csv,6feb5158-4d5b-41f8-a768-cf94bd1717f9,2025-10-23T00:25:32.948605,Qwen2_control,P14,False,False,1.5,M2
114,Qwen2,Qwen/Qwen2.5-0.5B-Instruct-GGUF,src/evaluation/experiment_framework/results/Qwen2/full_data/Qwen2_full_experiment_full_1023_0025.csv,a8ea81a9-e2e0-4a93-a8c2-d39ddcd20cf1,2025-10-23T00:25:33.589006,Qwen2_weighted,P14,False,True,1.5,M2
115,Qwen2,Qwen/Qwen2.5-0.5B-Instruct-GGUF,src/evaluation/experiment_framework/results/Qwen2/full_data/Qwen2_full_experiment_full_1023_0025.csv,20df0087-82ae-4453-a97e-19c6f3984d43,2025-10-23T00:25:34.215357,Qwen2_prompted,P14,True,False,1.5,M2
116,Qwen2,Qwen/Qwen2.5-0.5B-Instruct-GGUF,src/evaluation/experiment_framework/results/Qwen2/full_data/Qwen2_full_experiment_full_1023_0025.csv,47edb3f5-de9a-4b50-9f1d-32956628f24a,2025-10-23T00:25:35.709294,Qwen2_weighted_prompted,P14,True,True,1.5,M2
117,Qwen2,Qwen/Qwen2.5-0.5B-Instruct-GGUF,src/evaluation/experiment_framework/results/Qwen2/full_data/Qwen2_full_experiment_full_1023_0025.csv,6a3c7bf0-a889-470d-9452-534957b0e3b5,2025-10-23T00:25:36.060950,Qwen2_control,P15,False,False,1.5,M2
118,Qwen2,Qwen/Qwen2.5-0.5B-Instruct-GGUF,src/evaluation/experiment_framework/results/Qwen2/full_data/Qwen2_full_experiment_full_1023_0025.csv,ed4dfed8-1941-4b6a-a1f9-09231added16,2025-10-23T00:25:36.587711,Qwen2_weighted,P15,False,True,1.5,M2
119,Qwen2,Qwen/Qwen2.5-0.5B-Instruct-GGUF,src/evaluation/experiment_framework/results/Qwen2/full_data/Qwen2_full_experiment_full_1023_0025.csv,cfbcfca4-bb23-4233-a703-c1f111e6a23f,2025-10-23T00:25:37.241794,Qwen2_prompted,P15,True,False,1.5,M2
120,Qwen2,Qwen/Qwen2.5-0.5B-Instruct-GGUF,src/evaluation/experiment_framework/results/Qwen2/full_data/Qwen2_full_experiment_full_1023_0025.csv,f2bf1c96-2df8-405f-9648-5586056e5213,2025-10-23T00:25:37.649757,Qwen2_weighted_prompted,P15,True,True,1.5,M2
121,Qwen3,ggml-org/Qwen3-0.6B-GGUF,src/evaluation/experiment_framework/results/Qwen3/full_data/Qwen3_full_experiment_full_1023_0027.csv,59040030-0a5c-48dd-9761-e8dc44395d81,2025-10-23T00:25:47.363221,Qwen3_control,P1,False,False,1.5,M4
122,Qwen3,ggml-org/Qwen3-0.6B-GGUF,src/evaluation/experiment_framework/results/Qwen3/full_data/Qwen3_full_experiment_full_1023_0027.csv,c767140c-5bc3-4355-afa9-7a2119b2c1a1,2025-10-23T00:25:49.078740,Qwen3_weighted,P1,False,True,1.5,M4
123,Qwen3,ggml-org/Qwen3-0.6B-GGUF,src/evaluation/experiment_framework/results/Qwen3/full_data/Qwen3_full_experiment_full_1023_0027.csv,21eb3e7d-b34f-40f1-9d21-0a0ab482d926,2025-10-23T00:25:51.345586,Qwen3_prompted,P1,True,False,1.5,M4
124,Qwen3,ggml-org/Qwen3-0.6B-GGUF,src/evaluation/experiment_framework/results/Qwen3/full_data/Qwen3_full_experiment_full_1023_0027.csv,f32ef212-7ffc-4803-bc74-9dabc902218d,2025-10-23T00:25:53.058611,Qwen3_weighted_prompted,P1,True,True,1.5,M4
125,Qwen3,ggml-org/Qwen3-0.6B-GGUF,src/evaluation/experiment_framework/results/Qwen3/full_data/Qwen3_full_experiment_full_1023_0027.csv,e167d240-6e1f-49aa-8377-03438fa06069,2025-10-23T00:25:54.918323,Qwen3_control,P2,False,False,1.5,M4
126,Qwen3,ggml-org/Qwen3-0.6B-GGUF,src/evaluation/experiment_framework/results/Qwen3/full_data/Qwen3_full_experiment_full_1023_0027.csv,8ec3e739-b3dc-4d7a-8940-2018dc5a9f9a,2025-10-23T00:25:56.574384,Qwen3_weighted,P2,False,True,1.5,M4
127,Qwen3,ggml-org/Qwen3-0.6B-GGUF,src/evaluation/experiment_framework/results/Qwen3/full_data/Qwen3_full_experiment_full_1023_0027.csv,91afbc0b-f039-4248-85e1-9fe629ff3fe6,2025-10-23T00:25:58.413959,Qwen3_prompted,P2,True,False,1.5,M4
128,Qwen3,ggml-org/Qwen3-0.6B-GGUF,src/evaluation/experiment_framework/results/Qwen3/full_data/Qwen3_full_experiment_full_1023_0027.csv,abede4d2-0a71-4d18-9455-00d869ae2f69,2025-10-23T00:26:00.111827,Qwen3_weighted_prompted,P2,True,True,1.5,M4
129,Qwen3,ggml-org/Qwen3-0.6B-GGUF,src/evaluation/experiment_framework/results/Qwen3/full_data/Qwen3_full_experiment_full_1023_0027.csv,fd6ef1ca-51a9-4c7f-91cc-19c9d64291e5,2025-10-23T00:26:01.743562,Qwen3_control,P3,False,False,1.5,M4
130,Qwen3,ggml-org/Qwen3-0.6B-GGUF,src/evaluation/experiment_framework/results/Qwen3/full_data/Qwen3_full_experiment_full_1023_0027.csv,74371d3f-336f-45a2-99be-c059382d68df,2025-10-23T00:26:03.142112,Qwen3_weighted,P3,False,True,1.5,M4
131,Qwen3,ggml-org/Qwen3-0.6B-GGUF,src/evaluation/experiment_framework/results/Qwen3/full_data/Qwen3_full_experiment_full_1023_0027.csv,d40ef4bc-659a-4605-b62c-f0591d3dd8c8,2025-10-23T00:26:04.968954,Qwen3_prompted,P3,True,False,1.5,M4
132,Qwen3,ggml-org/Qwen3-0.6B-GGUF,src/evaluation/experiment_framework/results/Qwen3/full_data/Qwen3_full_experiment_full_1023_0027.csv,be114594-fa24-4ec0-bef0-7ee6ff68d996,2025-10-23T00:26:06.778557,Qwen3_weighted_prompted,P3,True,True,1.5,M4
133,Qwen3,ggml-org/Qwen3-0.6B-GGUF,src/evaluation/experiment_framework/results/Qwen3/full_data/Qwen3_full_experiment_full_1023_0027.csv,1ea9fe1e-6aae-4e8e-b0a6-803479687ab7,2025-10-23T00:26:08.511166,Qwen3_control,P4,False,False,1.5,M4
134,Qwen3,ggml-org/Qwen3-0.6B-GGUF,src/evaluation/experiment_framework/results/Qwen3/full_data/Qwen3_full_experiment_full_1023_0027.csv,5bd83dd1-9e03-4d5a-b1b7-65dad3c5e339,2025-10-23T00:26:10.209602,Qwen3_weighted,P4,False,True,1.5,M4
135,Qwen3,ggml-org/Qwen3-0.6B-GGUF,src/evaluation/experiment_framework/results/Qwen3/full_data/Qwen3_full_experiment_full_1023_0027.csv,192f2306-cb6a-4450-9c50-585732b6486a,2025-10-23T00:26:11.724920,Qwen3_prompted,P4,True,False,1.5,M4
136,Qwen3,ggml-org/Qwen3-0.6B-GGUF,src/evaluation/experiment_framework/results/Qwen3/full_data/Qwen3_full_experiment_full_1023_0027.csv,f8cb84c2-6726-47b3-8b11-60c6b3fbe15c,2025-10-23T00:26:13.040482,Qwen3_weighted_prompted,P4,True,True,1.5,M4
137,Qwen3,ggml-org/Qwen3-0.6B-GGUF,src/evaluation/experiment_framework/results/Qwen3/full_data/Qwen3_full_experiment_full_1023_0027.csv,8e3b9861-22d4-4634-ad2c-054bc44d93f1,2025-10-23T00:26:14.680885,Qwen3_control,P5,False,False,1.5,M4
138,Qwen3,ggml-org/Qwen3-0.6B-GGUF,src/evaluation/experiment_framework/results/Qwen3/full_data/Qwen3_full_experiment_full_1023_0027.csv,80ca5b83-c11f-42d5-878c-879868103f21,2025-10-23T00:26:16.311097,Qwen3_weighted,P5,False,True,1.5,M4
139,Qwen3,ggml-org/Qwen3-0.6B-GGUF,src/evaluation/experiment_framework/results/Qwen3/full_data/Qwen3_full_experiment_full_1023_0027.csv,71c29656-677e-4e0b-a75e-f430a7c84206,2025-10-23T00:26:17.980239,Qwen3_prompted,P5,True,False,1.5,M4
140,Qwen3,ggml-org/Qwen3-0.6B-GGUF,src/evaluation/experiment_framework/results/Qwen3/full_data/Qwen3_full_experiment_full_1023_0027.csv,eda4f5a5-ef5c-4aef-b66e-80ce7435e507,2025-10-23T00:26:19.197295,Qwen3_weighted_prompted,P5,True,True,1.5,M4
141,Qwen3,ggml-org/Qwen3-0.6B-GGUF,src/evaluation/experiment_framework/results/Qwen3/full_data/Qwen3_full_experiment_full_1023_0027.csv,e2df1bac-18b4-4b92-ad55-f937d4c6ad92,2025-10-23T00:26:20.483433,Qwen3_control,P6,False,False,1.5,M4
142,Qwen3,ggml-org/Qwen3-0.6B-GGUF,src/evaluation/experiment_framework/results/Qwen3/full_data/Qwen3_full_experiment_full_1023_0027.csv,baeae34c-09fb-4c0e-bebc-828cd2958500,2025-10-23T00:26:22.195027,Qwen3_weighted,P6,False,True,1.5,M4
143,Qwen3,ggml-org/Qwen3-0.6B-GGUF,src/evaluation/experiment_framework/results/Qwen3/full_data/Qwen3_full_experiment_full_1023_0027.csv,be753811-caa0-4f21-adc5-4a2f1943c3bf,2025-10-23T00:26:23.987676,Qwen3_prompted,P6,True,False,1.5,M4
144,Qwen3,ggml-org/Qwen3-0.6B-GGUF,src/evaluation/experiment_framework/results/Qwen3/full_data/Qwen3_full_experiment_full_1023_0027.csv,480b7205-4678-45fe-bde8-6cbfd1148ec8,2025-10-23T00:26:25.103915,Qwen3_weighted_prompted,P6,True,True,1.5,M4
145,Qwen3,ggml-org/Qwen3-0.6B-GGUF,src/evaluation/experiment_framework/results/Qwen3/full_data/Qwen3_full_experiment_full_1023_0027.csv,c1b1f446-89b4-46da-9296-a05107d7310a,2025-10-23T00:26:26.723344,Qwen3_control,P7,False,False,1.5,M4
146,Qwen3,ggml-org/Qwen3-0.6B-GGUF,src/evaluation/experiment_framework/results/Qwen3/full_data/Qwen3_full_experiment_full_1023_0027.csv,4304d063-8919-41ae-a5db-570e2e02cbfb,2025-10-23T00:26:28.414319,Qwen3_weighted,P7,False,True,1.5,M4
147,Qwen3,ggml-org/Qwen3-0.6B-GGUF,src/evaluation/experiment_framework/results/Qwen3/full_data/Qwen3_full_experiment_full_1023_0027.csv,afe2ed34-2194-4cf0-af17-20f0f7d02d2d,2025-10-23T00:26:29.971168,Qwen3_prompted,P7,True,False,1.5,M4
148,Qwen3,ggml-org/Qwen3-0.6B-GGUF,src/evaluation/experiment_framework/results/Qwen3/full_data/Qwen3_full_experiment_full_1023_0027.csv,44580eba-7496-48de-8124-858985d0485d,2025-10-23T00:26:31.593243,Qwen3_weighted_prompted,P7,True,True,1.5,M4
149,Qwen3,ggml-org/Qwen3-0.6B-GGUF,src/evaluation/experiment_framework/results/Qwen3/full_data/Qwen3_full_experiment_full_1023_0027.csv,5eb984b3-9dd7-4cf8-ac80-fb649d2682a6,2025-10-23T00:26:33.298567,Qwen3_control,P8,False,False,1.5,M4
150,Qwen3,ggml-org/Qwen3-0.6B-GGUF,src/evaluation/experiment_framework/results/Qwen3/full_data/Qwen3_full_experiment_full_1023_0027.csv,e2771115-fd08-4269-abf6-d042e16fe8a0,2025-10-23T00:26:34.924120,Qwen3_weighted,P8,False,True,1.5,M4
151,Qwen3,ggml-org/Qwen3-0.6B-GGUF,src/evaluation/experiment_framework/results/Qwen3/full_data/Qwen3_full_experiment_full_1023_0027.csv,f9d0b4f2-8889-4985-b774-e15ba63f5a4a,2025-10-23T00:26:36.737702,Qwen3_prompted,P8,True,False,1.5,M4
152,Qwen3,ggml-org/Qwen3-0.6B-GGUF,src/evaluation/experiment_framework/results/Qwen3/full_data/Qwen3_full_experiment_full_1023_0027.csv,225e46f5-47c2-42af-8067-e6468b7384d8,2025-10-23T00:26:38.056972,Qwen3_weighted_prompted,P8,True,True,1.5,M4
153,Qwen3,ggml-org/Qwen3-0.6B-GGUF,src/evaluation/experiment_framework/results/Qwen3/full_data/Qwen3_full_experiment_full_1023_0027.csv,904a1e62-ec36-492d-9b91-61eddad1a0fa,2025-10-23T00:26:40.201874,Qwen3_control,P9,False,False,1.5,M4
154,Qwen3,ggml-org/Qwen3-0.6B-GGUF,src/evaluation/experiment_framework/results/Qwen3/full_data/Qwen3_full_experiment_full_1023_0027.csv,1243ce83-1159-47c8-be09-9c08054eee45,2025-10-23T00:26:42.011092,Qwen3_weighted,P9,False,True,1.5,M4
155,Qwen3,ggml-org/Qwen3-0.6B-GGUF,src/evaluation/experiment_framework/results/Qwen3/full_data/Qwen3_full_experiment_full_1023_0027.csv,1f92e51d-fb1e-4912-a890-503d35cb3c79,2025-10-23T00:26:43.837011,Qwen3_prompted,P9,True,False,1.5,M4
156,Qwen3,ggml-org/Qwen3-0.6B-GGUF,src/evaluation/experiment_framework/results/Qwen3/full_data/Qwen3_full_experiment_full_1023_0027.csv,a206272c-a524-4c35-ba2d-a055e79983cc,2025-10-23T00:26:45.078382,Qwen3_weighted_prompted,P9,True,True,1.5,M4
157,Qwen3,ggml-org/Qwen3-0.6B-GGUF,src/evaluation/experiment_framework/results/Qwen3/full_data/Qwen3_full_experiment_full_1023_0027.csv,570ef70b-de49-47b3-8add-68e986f018f9,2025-10-23T00:26:46.682328,Qwen3_control,P10,False,False,1.5,M4
158,Qwen3,ggml-org/Qwen3-0.6B-GGUF,src/evaluation/experiment_framework/results/Qwen3/full_data/Qwen3_full_experiment_full_1023_0027.csv,e10cc2e8-ee77-4d4d-8b18-5b1ee9cfb354,2025-10-23T00:26:48.126393,Qwen3_weighted,P10,False,True,1.5,M4
159,Qwen3,ggml-org/Qwen3-0.6B-GGUF,src/evaluation/experiment_framework/results/Qwen3/full_data/Qwen3_full_experiment_full_1023_0027.csv,d9ba9057-8a45-4839-88ef-4898fe559c97,2025-10-23T00:26:49.424106,Qwen3_prompted,P10,True,False,1.5,M4
160,Qwen3,ggml-org/Qwen3-0.6B-GGUF,src/evaluation/experiment_framework/results/Qwen3/full_data/Qwen3_full_experiment_full_1023_0027.csv,c065e60d-a6b9-43bc-bc71-8ecef1fc06fb,2025-10-23T00:26:50.475916,Qwen3_weighted_prompted,P10,True,True,1.5,M4
161,Qwen3,ggml-org/Qwen3-0.6B-GGUF,src/evaluation/experiment_framework/results/Qwen3/full_data/Qwen3_full_experiment_full_1023_0027.csv,6766d280-daef-41a1-b3c0-613fc3f5846c,2025-10-23T00:26:52.134540,Qwen3_control,P11,False,False,1.5,M4
162,Qwen3,ggml-org/Qwen3-0.6B-GGUF,src/evaluation/experiment_framework/results/Qwen3/full_data/Qwen3_full_experiment_full_1023_0027.csv,dd81b4b5-4c34-4728-87f7-99172c4292ea,2025-10-23T00:26:53.744034,Qwen3_weighted,P11,False,True,1.5,M4
163,Qwen3,ggml-org/Qwen3-0.6B-GGUF,src/evaluation/experiment_framework/results/Qwen3/full_data/Qwen3_full_experiment_full_1023_0027.csv,9d7a1a3a-6750-4361-8bbb-61af3b96457a,2025-10-23T00:26:55.284772,Qwen3_prompted,P11,True,False,1.5,M4
164,Qwen3,ggml-org/Qwen3-0.6B-GGUF,src/evaluation/experiment_framework/results/Qwen3/full_data/Qwen3_full_experiment_full_1023_0027.csv,9e3eba6a-ae3a-40e5-8034-4b7894b97278,2025-10-23T00:26:56.733008,Qwen3_weighted_prompted,P11,True,True,1.5,M4
165,Qwen3,ggml-org/Qwen3-0.6B-GGUF,src/evaluation/experiment_framework/results/Qwen3/full_data/Qwen3_full_experiment_full_1023_0027.csv,bc6f02cd-e5f3-4b35-9e97-95171586a537,2025-10-23T00:26:58.361833,Qwen3_control,P12,False,False,1.5,M4
166,Qwen3,ggml-org/Qwen3-0.6B-GGUF,src/evaluation/experiment_framework/results/Qwen3/full_data/Qwen3_full_experiment_full_1023_0027.csv,bd6ea55c-fb0c-4c27-8273-30f5f9e628b5,2025-10-23T00:26:59.649294,Qwen3_weighted,P12,False,True,1.5,M4
167,Qwen3,ggml-org/Qwen3-0.6B-GGUF,src/evaluation/experiment_framework/results/Qwen3/full_data/Qwen3_full_experiment_full_1023_0027.csv,70354e19-2ce6-4ff8-8e41-bc9bfb75384e,2025-10-23T00:27:01.440911,Qwen3_prompted,P12,True,False,1.5,M4
168,Qwen3,ggml-org/Qwen3-0.6B-GGUF,src/evaluation/experiment_framework/results/Qwen3/full_data/Qwen3_full_experiment_full_1023_0027.csv,f7e2f7fa-5220-4265-a81e-79bef4debf9a,2025-10-23T00:27:03.108252,Qwen3_weighted_prompted,P12,True,True,1.5,M4
169,Qwen3,ggml-org/Qwen3-0.6B-GGUF,src/evaluation/experiment_framework/results/Qwen3/full_data/Qwen3_full_experiment_full_1023_0027.csv,58fc9fba-5a9b-4c4c-b624-af5eec41250f,2025-10-23T00:27:04.771457,Qwen3_control,P13,False,False,1.5,M4
170,Qwen3,ggml-org/Qwen3-0.6B-GGUF,src/evaluation/experiment_framework/results/Qwen3/full_data/Qwen3_full_experiment_full_1023_0027.csv,efd05057-8602-4bde-a17f-f1046146d367,2025-10-23T00:27:06.399522,Qwen3_weighted,P13,False,True,1.5,M4
171,Qwen3,ggml-org/Qwen3-0.6B-GGUF,src/evaluation/experiment_framework/results/Qwen3/full_data/Qwen3_full_experiment_full_1023_0027.csv,dd4e3751-7087-4b05-9ca7-e3e7485437f8,2025-10-23T00:27:08.197072,Qwen3_prompted,P13,True,False,1.5,M4
172,Qwen3,ggml-org/Qwen3-0.6B-GGUF,src/evaluation/experiment_framework/results/Qwen3/full_data/Qwen3_full_experiment_full_1023_0027.csv,727940c5-45a5-43f4-af3b-37b1f6b46045,2025-10-23T00:27:09.886256,Qwen3_weighted_prompted,P13,True,True,1.5,M4
173,Qwen3,ggml-org/Qwen3-0.6B-GGUF,src/evaluation/experiment_framework/results/Qwen3/full_data/Qwen3_full_experiment_full_1023_0027.csv,fb287448-cde1-49f8-9709-2e3f2d98ab55,2025-10-23T00:27:11.376627,Qwen3_control,P14,False,False,1.5,M4
174,Qwen3,ggml-org/Qwen3-0.6B-GGUF,src/evaluation/experiment_framework/results/Qwen3/full_data/Qwen3_full_experiment_full_1023_0027.csv,de231e70-04f2-413d-9808-ab484db3947c,2025-10-23T00:27:13.019062,Qwen3_weighted,P14,False,True,1.5,M4
175,Qwen3,ggml-org/Qwen3-0.6B-GGUF,src/evaluation/experiment_framework/results/Qwen3/full_data/Qwen3_full_experiment_full_1023_0027.csv,2690c1f2-adde-47e1-a0c6-10b25f4eaa0f,2025-10-23T00:27:14.262724,Qwen3_prompted,P14,True,False,1.5,M4
176,Qwen3,ggml-org/Qwen3-0.6B-GGUF,src/evaluation/experiment_framework/results/Qwen3/full_data/Qwen3_full_experiment_full_1023_0027.csv,526825b4-1cd7-435b-854c-7f0768411d02,2025-10-23T00:27:15.403692,Qwen3_weighted_prompted,P14,True,True,1.5,M4
177,Qwen3,ggml-org/Qwen3-0.6B-GGUF,src/evaluation/experiment_framework/results/Qwen3/full_data/Qwen3_full_experiment_full_1023_0027.csv,af476885-7a69-470a-bffa-7bd50385194f,2025-10-23T00:27:17.051991,Qwen3_control,P15,False,False,1.5,M4
178,Qwen3,ggml-org/Qwen3-0.6B-GGUF,src/evaluation/experiment_framework/results/Qwen3/full_data/Qwen3_full_experiment_full_1023_0027.csv,4879b48d-8f8c-4c77-b837-c1000d194623,2025-10-23T00:27:18.679605,Qwen3_weighted,P15,False,True,1.5,M4
179,Qwen3,ggml-org/Qwen3-0.6B-GGUF,src/evaluation/experiment_framework/results/Qwen3/full_data/Qwen3_full_experiment_full_1023_0027.csv,4405d937-7577-484c-931a-be9aa7df7ada,2025-10-23T00:27:19.780971,Qwen3_prompted,P15,True,False,1.5,M4
180,Qwen3,ggml-org/Qwen3-0.6B-GGUF,src/evaluation/experiment_framework/results/Qwen3/full_data/Qwen3_full_experiment_full_1023_0027.csv,261f2be5-8089-4376-94b2-b56095e544ec,2025-10-23T00:27:21.064537,Qwen3_weighted_prompted,P15,True,True,1.5,M4
181,TinyLlama,TheBloke/TinyLlama-1.1B-Chat-v1.0-GGUF,src/evaluation/experiment_framework/results/TinyLlama/full_data/TinyLlama_full_experiment_full_1023_0029.csv,5d525335-2c60-4a05-a070-4f46cd649cee,2025-10-23T00:27:24.097106,TinyLlama_control,P1,False,False,1.5,M1
182,TinyLlama,TheBloke/TinyLlama-1.1B-Chat-v1.0-GGUF,src/evaluation/experiment_framework/results/TinyLlama/full_data/TinyLlama_full_experiment_full_1023_0029.csv,1ee31d76-da76-4f54-9926-cf34d2464c2f,2025-10-23T00:27:25.516877,TinyLlama_weighted,P1,False,True,1.5,M1
183,TinyLlama,TheBloke/TinyLlama-1.1B-Chat-v1.0-GGUF,src/evaluation/experiment_framework/results/TinyLlama/full_data/TinyLlama_full_experiment_full_1023_0029.csv,b79ceb56-4137-46df-a129-da92acaec96d,2025-10-23T00:27:26.295075,TinyLlama_prompted,P1,True,False,1.5,M1
184,TinyLlama,TheBloke/TinyLlama-1.1B-Chat-v1.0-GGUF,src/evaluation/experiment_framework/results/TinyLlama/full_data/TinyLlama_full_experiment_full_1023_0029.csv,6d9992d0-e209-4423-b310-60fbcfdc2369,2025-10-23T00:27:26.755592,TinyLlama_weighted_prompted,P1,True,True,1.5,M1
185,TinyLlama,TheBloke/TinyLlama-1.1B-Chat-v1.0-GGUF,src/evaluation/experiment_framework/results/TinyLlama/full_data/TinyLlama_full_experiment_full_1023_0029.csv,7fa11290-fa38-4179-a933-e1ba22908dc9,2025-10-23T00:27:29.121708,TinyLlama_control,P2,False,False,1.5,M1
186,TinyLlama,TheBloke/TinyLlama-1.1B-Chat-v1.0-GGUF,src/evaluation/experiment_framework/results/TinyLlama/full_data/TinyLlama_full_experiment_full_1023_0029.csv,786b2600-bcd6-4235-8b3b-ddb0ba7b02c5,2025-10-23T00:27:31.431829,TinyLlama_weighted,P2,False,True,1.5,M1
187,TinyLlama,TheBloke/TinyLlama-1.1B-Chat-v1.0-GGUF,src/evaluation/experiment_framework/results/TinyLlama/full_data/TinyLlama_full_experiment_full_1023_0029.csv,d1dd65a2-264e-434d-af4b-346caab9ae24,2025-10-23T00:27:32.519175,TinyLlama_prompted,P2,True,False,1.5,M1
188,TinyLlama,TheBloke/TinyLlama-1.1B-Chat-v1.0-GGUF,src/evaluation/experiment_framework/results/TinyLlama/full_data/TinyLlama_full_experiment_full_1023_0029.csv,32bb12cf-042d-40fe-b28a-a38812ed1521,2025-10-23T00:27:34.771145,TinyLlama_weighted_prompted,P2,True,True,1.5,M1
189,TinyLlama,TheBloke/TinyLlama-1.1B-Chat-v1.0-GGUF,src/evaluation/experiment_framework/results/TinyLlama/full_data/TinyLlama_full_experiment_full_1023_0029.csv,cfa66570-4df6-440c-8114-5b418e9ced1e,2025-10-23T00:27:36.316887,TinyLlama_control,P3,False,False,1.5,M1
190,TinyLlama,TheBloke/TinyLlama-1.1B-Chat-v1.0-GGUF,src/evaluation/experiment_framework/results/TinyLlama/full_data/TinyLlama_full_experiment_full_1023_0029.csv,2b058eb2-0bf3-41ae-b97a-128db21633c9,2025-10-23T00:27:37.752332,TinyLlama_weighted,P3,False,True,1.5,M1
191,TinyLlama,TheBloke/TinyLlama-1.1B-Chat-v1.0-GGUF,src/evaluation/experiment_framework/results/TinyLlama/full_data/TinyLlama_full_experiment_full_1023_0029.csv,ad75104c-7398-436d-bd6f-5f00f8ac932b,2025-10-23T00:27:39.131929,TinyLlama_prompted,P3,True,False,1.5,M1
192,TinyLlama,TheBloke/TinyLlama-1.1B-Chat-v1.0-GGUF,src/evaluation/experiment_framework/results/TinyLlama/full_data/TinyLlama_full_experiment_full_1023_0029.csv,c7c2d89a-f899-454b-81ea-71f056c56ce9,2025-10-23T00:27:42.359275,TinyLlama_weighted_prompted,P3,True,True,1.5,M1
193,TinyLlama,TheBloke/TinyLlama-1.1B-Chat-v1.0-GGUF,src/evaluation/experiment_framework/results/TinyLlama/full_data/TinyLlama_full_experiment_full_1023_0029.csv,9305482f-0732-4188-a776-670a1879ae8c,2025-10-23T00:27:44.913440,TinyLlama_control,P4,False,False,1.5,M1
194,TinyLlama,TheBloke/TinyLlama-1.1B-Chat-v1.0-GGUF,src/evaluation/experiment_framework/results/TinyLlama/full_data/TinyLlama_full_experiment_full_1023_0029.csv,36e02aa3-6d27-491f-885f-200526127da2,2025-10-23T00:27:45.949279,TinyLlama_weighted,P4,False,True,1.5,M1
195,TinyLlama,TheBloke/TinyLlama-1.1B-Chat-v1.0-GGUF,src/evaluation/experiment_framework/results/TinyLlama/full_data/TinyLlama_full_experiment_full_1023_0029.csv,eced51d5-8d45-478c-b2e4-f5833c6201fc,2025-10-23T00:27:47.256233,TinyLlama_prompted,P4,True,False,1.5,M1
196,TinyLlama,TheBloke/TinyLlama-1.1B-Chat-v1.0-GGUF,src/evaluation/experiment_framework/results/TinyLlama/full_data/TinyLlama_full_experiment_full_1023_0029.csv,4825b4d1-b6f2-4bfe-bbdc-e5d39e2338c1,2025-10-23T00:27:48.304271,TinyLlama_weighted_prompted,P4,True,True,1.5,M1
197,TinyLlama,TheBloke/TinyLlama-1.1B-Chat-v1.0-GGUF,src/evaluation/experiment_framework/results/TinyLlama/full_data/TinyLlama_full_experiment_full_1023_0029.csv,218470d9-0904-4811-a035-b03450878395,2025-10-23T00:27:50.347280,TinyLlama_control,P5,False,False,1.5,M1
198,TinyLlama,TheBloke/TinyLlama-1.1B-Chat-v1.0-GGUF,src/evaluation/experiment_framework/results/TinyLlama/full_data/TinyLlama_full_experiment_full_1023_0029.csv,cd58667e-d0bd-4c04-b30b-c075e88831a3,2025-10-23T00:27:52.590618,TinyLlama_weighted,P5,False,True,1.5,M1
199,TinyLlama,TheBloke/TinyLlama-1.1B-Chat-v1.0-GGUF,src/evaluation/experiment_framework/results/TinyLlama/full_data/TinyLlama_full_experiment_full_1023_0029.csv,308bf947-5030-4b56-888e-dd04b68ca5a6,2025-10-23T00:27:54.794570,TinyLlama_prompted,P5,True,False,1.5,M1
200,TinyLlama,TheBloke/TinyLlama-1.1B-Chat-v1.0-GGUF,src/evaluation/experiment_framework/results/TinyLlama/full_data/TinyLlama_full_experiment_full_1023_0029.csv,5a702f0d-8e73-4c10-9ebd-679caced7d21,2025-10-23T00:27:57.171655,TinyLlama_weighted_prompted,P5,True,True,1.5,M1
201,TinyLlama,TheBloke/TinyLlama-1.1B-Chat-v1.0-GGUF,src/evaluation/experiment_framework/results/TinyLlama/full_data/TinyLlama_full_experiment_full_1023_0029.csv,038d72f2-82e4-450f-81b6-02e7c2bac2c6,2025-10-23T00:27:58.212405,TinyLlama_control,P6,False,False,1.5,M1
202,TinyLlama,TheBloke/TinyLlama-1.1B-Chat-v1.0-GGUF,src/evaluation/experiment_framework/results/TinyLlama/full_data/TinyLlama_full_experiment_full_1023_0029.csv,e16dbb9b-16d0-435a-a5fb-6508895798d9,2025-10-23T00:27:59.674651,TinyLlama_weighted,P6,False,True,1.5,M1
203,TinyLlama,TheBloke/TinyLlama-1.1B-Chat-v1.0-GGUF,src/evaluation/experiment_framework/results/TinyLlama/full_data/TinyLlama_full_experiment_full_1023_0029.csv,ea4c2c3e-b727-484b-a40a-795178807609,2025-10-23T00:28:02.285566,TinyLlama_prompted,P6,True,False,1.5,M1
204,TinyLlama,TheBloke/TinyLlama-1.1B-Chat-v1.0-GGUF,src/evaluation/experiment_framework/results/TinyLlama/full_data/TinyLlama_full_experiment_full_1023_0029.csv,84956c81-dd3b-4344-a3a4-bc278ce253d7,2025-10-23T00:28:03.052953,TinyLlama_weighted_prompted,P6,True,True,1.5,M1
205,TinyLlama,TheBloke/TinyLlama-1.1B-Chat-v1.0-GGUF,src/evaluation/experiment_framework/results/TinyLlama/full_data/TinyLlama_full_experiment_full_1023_0029.csv,3aa49aba-44be-457e-aa60-f341cc6c2e17,2025-10-23T00:28:03.920702,TinyLlama_control,P7,False,False,1.5,M1
206,TinyLlama,TheBloke/TinyLlama-1.1B-Chat-v1.0-GGUF,src/evaluation/experiment_framework/results/TinyLlama/full_data/TinyLlama_full_experiment_full_1023_0029.csv,a26c7527-32b7-4b8d-9abb-342a43a48502,2025-10-23T00:28:04.968761,TinyLlama_weighted,P7,False,True,1.5,M1
207,TinyLlama,TheBloke/TinyLlama-1.1B-Chat-v1.0-GGUF,src/evaluation/experiment_framework/results/TinyLlama/full_data/TinyLlama_full_experiment_full_1023_0029.csv,9d950d6e-416a-4ee3-ae38-48492cf5b066,2025-10-23T00:28:06.568080,TinyLlama_prompted,P7,True,False,1.5,M1
208,TinyLlama,TheBloke/TinyLlama-1.1B-Chat-v1.0-GGUF,src/evaluation/experiment_framework/results/TinyLlama/full_data/TinyLlama_full_experiment_full_1023_0029.csv,ca87f155-4169-4ba0-a029-dbad73e8c723,2025-10-23T00:28:08.838374,TinyLlama_weighted_prompted,P7,True,True,1.5,M1
209,TinyLlama,TheBloke/TinyLlama-1.1B-Chat-v1.0-GGUF,src/evaluation/experiment_framework/results/TinyLlama/full_data/TinyLlama_full_experiment_full_1023_0029.csv,58bf0ab6-e6e4-4521-a77b-c98745d35140,2025-10-23T00:28:11.254312,TinyLlama_control,P8,False,False,1.5,M1
210,TinyLlama,TheBloke/TinyLlama-1.1B-Chat-v1.0-GGUF,src/evaluation/experiment_framework/results/TinyLlama/full_data/TinyLlama_full_experiment_full_1023_0029.csv,2780cdc8-03ff-45f6-8755-eceb886b24dd,2025-10-23T00:28:13.632003,TinyLlama_weighted,P8,False,True,1.5,M1
211,TinyLlama,TheBloke/TinyLlama-1.1B-Chat-v1.0-GGUF,src/evaluation/experiment_framework/results/TinyLlama/full_data/TinyLlama_full_experiment_full_1023_0029.csv,5e24a032-4250-4740-8bd2-b36ea7f750ba,2025-10-23T00:28:16.630181,TinyLlama_prompted,P8,True,False,1.5,M1
212,TinyLlama,TheBloke/TinyLlama-1.1B-Chat-v1.0-GGUF,src/evaluation/experiment_framework/results/TinyLlama/full_data/TinyLlama_full_experiment_full_1023_0029.csv,2082671f-d3fc-45f6-986b-c511a57708d7,2025-10-23T00:28:18.588554,TinyLlama_weighted_prompted,P8,True,True,1.5,M1
213,TinyLlama,TheBloke/TinyLlama-1.1B-Chat-v1.0-GGUF,src/evaluation/experiment_framework/results/TinyLlama/full_data/TinyLlama_full_experiment_full_1023_0029.csv,1679e667-eba8-4daa-a6bf-3c61686dd93e,2025-10-23T00:28:19.733344,TinyLlama_control,P9,False,False,1.5,M1
214,TinyLlama,TheBloke/TinyLlama-1.1B-Chat-v1.0-GGUF,src/evaluation/experiment_framework/results/TinyLlama/full_data/TinyLlama_full_experiment_full_1023_0029.csv,d3213dbf-aa90-4854-bb69-0636e181e9d8,2025-10-23T00:28:22.010270,TinyLlama_weighted,P9,False,True,1.5,M1
215,TinyLlama,TheBloke/TinyLlama-1.1B-Chat-v1.0-GGUF,src/evaluation/experiment_framework/results/TinyLlama/full_data/TinyLlama_full_experiment_full_1023_0029.csv,7f8f4eea-f1f7-4acc-84d1-7c54905c0da4,2025-10-23T00:28:24.718696,TinyLlama_prompted,P9,True,False,1.5,M1
216,TinyLlama,TheBloke/TinyLlama-1.1B-Chat-v1.0-GGUF,src/evaluation/experiment_framework/results/TinyLlama/full_data/TinyLlama_full_experiment_full_1023_0029.csv,2e592e28-4554-42de-b3ee-b1e2e07a9dbc,2025-10-23T00:28:26.077534,TinyLlama_weighted_prompted,P9,True,True,1.5,M1
217,TinyLlama,TheBloke/TinyLlama-1.1B-Chat-v1.0-GGUF,src/evaluation/experiment_framework/results/TinyLlama/full_data/TinyLlama_full_experiment_full_1023_0029.csv,1e076178-8e0d-40b2-8fd4-95696e0921fa,2025-10-23T00:28:27.273457,TinyLlama_control,P10,False,False,1.5,M1
218,TinyLlama,TheBloke/TinyLlama-1.1B-Chat-v1.0-GGUF,src/evaluation/experiment_framework/results/TinyLlama/full_data/TinyLlama_full_experiment_full_1023_0029.csv,20009708-6268-4431-bc5a-78d36b7b0a2e,2025-10-23T00:28:29.840398,TinyLlama_weighted,P10,False,True,1.5,M1
219,TinyLlama,TheBloke/TinyLlama-1.1B-Chat-v1.0-GGUF,src/evaluation/experiment_framework/results/TinyLlama/full_data/TinyLlama_full_experiment_full_1023_0029.csv,6e9ed25c-a3a3-4956-97ab-3bc5a61287b8,2025-10-23T00:28:30.809867,TinyLlama_prompted,P10,True,False,1.5,M1
220,TinyLlama,TheBloke/TinyLlama-1.1B-Chat-v1.0-GGUF,src/evaluation/experiment_framework/results/TinyLlama/full_data/TinyLlama_full_experiment_full_1023_0029.csv,c63bc92a-f2d3-4b74-b97f-69b208dc3072,2025-10-23T00:28:33.492283,TinyLlama_weighted_prompted,P10,True,True,1.5,M1
221,TinyLlama,TheBloke/TinyLlama-1.1B-Chat-v1.0-GGUF,src/evaluation/experiment_framework/results/TinyLlama/full_data/TinyLlama_full_experiment_full_1023_0029.csv,4af50b6f-a374-4d87-92a3-8718a6e9f5cf,2025-10-23T00:28:34.485032,TinyLlama_control,P11,False,False,1.5,M1
222,TinyLlama,TheBloke/TinyLlama-1.1B-Chat-v1.0-GGUF,src/evaluation/experiment_framework/results/TinyLlama/full_data/TinyLlama_full_experiment_full_1023_0029.csv,04ebc2a1-116c-4d33-952c-8f0efe219ff4,2025-10-23T00:28:35.789541,TinyLlama_weighted,P11,False,True,1.5,M1
223,TinyLlama,TheBloke/TinyLlama-1.1B-Chat-v1.0-GGUF,src/evaluation/experiment_framework/results/TinyLlama/full_data/TinyLlama_full_experiment_full_1023_0029.csv,c520e4a4-b17c-4c68-8e9f-59a2d7be5cc8,2025-10-23T00:28:37.810118,TinyLlama_prompted,P11,True,False,1.5,M1
224,TinyLlama,TheBloke/TinyLlama-1.1B-Chat-v1.0-GGUF,src/evaluation/experiment_framework/results/TinyLlama/full_data/TinyLlama_full_experiment_full_1023_0029.csv,f12928dc-3351-41e9-8d15-eb419a912464,2025-10-23T00:28:38.803438,TinyLlama_weighted_prompted,P11,True,True,1.5,M1
225,TinyLlama,TheBloke/TinyLlama-1.1B-Chat-v1.0-GGUF,src/evaluation/experiment_framework/results/TinyLlama/full_data/TinyLlama_full_experiment_full_1023_0029.csv,eff1ebd5-114f-4dd8-b5fb-bd085898fd47,2025-10-23T00:28:41.410927,TinyLlama_control,P12,False,False,1.5,M1
226,TinyLlama,TheBloke/TinyLlama-1.1B-Chat-v1.0-GGUF,src/evaluation/experiment_framework/results/TinyLlama/full_data/TinyLlama_full_experiment_full_1023_0029.csv,7330ee4d-8e68-49dc-97f0-21771eaf9a94,2025-10-23T00:28:43.594298,TinyLlama_weighted,P12,False,True,1.5,M1
227,TinyLlama,TheBloke/TinyLlama-1.1B-Chat-v1.0-GGUF,src/evaluation/experiment_framework/results/TinyLlama/full_data/TinyLlama_full_experiment_full_1023_0029.csv,97b310d7-092b-4a62-93de-16f6fd57f8e5,2025-10-23T00:28:44.299357,TinyLlama_prompted,P12,True,False,1.5,M1
228,TinyLlama,TheBloke/TinyLlama-1.1B-Chat-v1.0-GGUF,src/evaluation/experiment_framework/results/TinyLlama/full_data/TinyLlama_full_experiment_full_1023_0029.csv,e22442fe-0520-4828-b94e-144df5308a58,2025-10-23T00:28:44.731233,TinyLlama_weighted_prompted,P12,True,True,1.5,M1
229,TinyLlama,TheBloke/TinyLlama-1.1B-Chat-v1.0-GGUF,src/evaluation/experiment_framework/results/TinyLlama/full_data/TinyLlama_full_experiment_full_1023_0029.csv,e03b7fa0-665f-424a-afa1-2666d2d65404,2025-10-23T00:28:46.820075,TinyLlama_control,P13,False,False,1.5,M1
230,TinyLlama,TheBloke/TinyLlama-1.1B-Chat-v1.0-GGUF,src/evaluation/experiment_framework/results/TinyLlama/full_data/TinyLlama_full_experiment_full_1023_0029.csv,d0b5385b-87a2-4431-b3f3-3e88611b4e61,2025-10-23T00:28:49.069771,TinyLlama_weighted,P13,False,True,1.5,M1
231,TinyLlama,TheBloke/TinyLlama-1.1B-Chat-v1.0-GGUF,src/evaluation/experiment_framework/results/TinyLlama/full_data/TinyLlama_full_experiment_full_1023_0029.csv,bbc1471d-cf60-41c4-942b-c57ea37c6bdf,2025-10-23T00:28:51.320808,TinyLlama_prompted,P13,True,False,1.5,M1
232,TinyLlama,TheBloke/TinyLlama-1.1B-Chat-v1.0-GGUF,src/evaluation/experiment_framework/results/TinyLlama/full_data/TinyLlama_full_experiment_full_1023_0029.csv,40cf7881-b044-4ab4-903b-50c328d5081d,2025-10-23T00:28:53.384519,TinyLlama_weighted_prompted,P13,True,True,1.5,M1
233,TinyLlama,TheBloke/TinyLlama-1.1B-Chat-v1.0-GGUF,src/evaluation/experiment_framework/results/TinyLlama/full_data/TinyLlama_full_experiment_full_1023_0029.csv,eb617c43-9dfc-477d-86b7-939137a99bab,2025-10-23T00:28:55.605766,TinyLlama_control,P14,False,False,1.5,M1
234,TinyLlama,TheBloke/TinyLlama-1.1B-Chat-v1.0-GGUF,src/evaluation/experiment_framework/results/TinyLlama/full_data/TinyLlama_full_experiment_full_1023_0029.csv,29cf0041-72b6-41f1-84f9-774704332224,2025-10-23T00:28:57.893821,TinyLlama_weighted,P14,False,True,1.5,M1
235,TinyLlama,TheBloke/TinyLlama-1.1B-Chat-v1.0-GGUF,src/evaluation/experiment_framework/results/TinyLlama/full_data/TinyLlama_full_experiment_full_1023_0029.csv,f034f669-8d83-44fc-812c-a3094d3ed0bf,2025-10-23T00:29:00.436636,TinyLlama_prompted,P14,True,False,1.5,M1
236,TinyLlama,TheBloke/TinyLlama-1.1B-Chat-v1.0-GGUF,src/evaluation/experiment_framework/results/TinyLlama/full_data/TinyLlama_full_experiment_full_1023_0029.csv,dcb9e2b8-9147-4453-9e92-9f5fd081b341,2025-10-23T00:29:02.713872,TinyLlama_weighted_prompted,P14,True,True,1.5,M1
237,TinyLlama,TheBloke/TinyLlama-1.1B-Chat-v1.0-GGUF,src/evaluation/experiment_framework/results/TinyLlama/full_data/TinyLlama_full_experiment_full_1023_0029.csv,45ae93ed-4071-41d5-9b97-f49a11eea576,2025-10-23T00:29:03.826968,TinyLlama_control,P15,False,False,1.5,M1
238,TinyLlama,TheBloke/TinyLlama-1.1B-Chat-v1.0-GGUF,src/evaluation/experiment_framework/results/TinyLlama/full_data/TinyLlama_full_experiment_full_1023_0029.csv,8afbae9a-2c4c-49da-b1ea-a4309f4e6f98,2025-10-23T00:29:05.369231,TinyLlama_weighted,P15,False,True,1.5,M1
239,TinyLlama,TheBloke/TinyLlama-1.1B-Chat-v1.0-GGUF,src/evaluation/experiment_framework/results/TinyLlama/full_data/TinyLlama_full_experiment_full_1023_0029.csv,19e81146-28b4-4f09-a999-8d15a7266c6c,2025-10-23T00:29:07.984749,TinyLlama_prompted,P15,True,False,1.5,M1
240,TinyLlama,TheBloke/TinyLlama-1.1B-Chat-v1.0-GGUF,src/evaluation/experiment_framework/results/TinyLlama/full_data/TinyLlama_full_experiment_full_1023_0029.csv,61b3df0a-382b-45b8-abe5-22930f3d4a45,2025-10-23T00:29:10.243196,TinyLlama_weighted_prompted,P15,True,True,1.5,M1
