item_id,prediction
6769,-1.3665471
6770,0.17233413
6771,1.1604489
6772,-0.17595153
6773,-0.76416427
6774,-1.8830956
6775,-0.2760992
6776,-0.8047629
6777,-1.1854566
6778,0.6944058
6779,1.6649793
6780,-0.82062274
6781,-1.3396317
6782,2.6086512
6783,-1.1484427
6784,1.5981804
6785,1.3754985
6786,2.3042173
6787,-2.170993
6788,-0.64159554
6789,1.7337835
6790,1.3589088
6791,1.3440657
6792,-0.063345306
6793,-0.40461704
6794,2.7780077
6795,-0.78398657
6796,0.43419483
6797,0.50497645
6798,-1.5430033
6799,-1.9045787
6800,0.17503834
6801,-0.22495647
6802,0.28868866
6803,-0.25876334
6804,-1.4806385
6805,-0.20781611
6806,-0.44995755
6807,-0.52512723
6808,-0.6490999
6809,2.062568
6810,-0.67885345
6811,1.5588094
6812,2.937308
6813,-1.3625832
6814,2.7189007
6815,1.80495
6816,0.47645578
6817,-0.2571997
6818,0.119098485
6819,2.3739111
6820,-1.9238074
6821,-0.80340546
6822,0.9689813
6823,2.0937662
6824,-1.2163966
6825,1.4984331
6826,0.7354358
6827,-0.29310113
6828,1.1844884
6829,0.79019254
6830,-0.48976782
6831,1.4694579
6832,-0.32302335
6833,-0.9716487
6834,0.747208
6835,-1.2518902
6836,-1.6142299
6837,2.4894538
6838,-0.8278693
6839,-0.07212855
6840,1.9097409
6841,-0.26542392
6842,1.3869432
6843,0.3361826
6844,1.4667087
6845,-0.42244917
6846,-0.75621426
6847,-0.08250361
6848,-1.4244562
6849,-0.8679565
6850,-1.4871384
6851,-1.2262686
6852,-0.6731168
6853,-1.4988974
6854,-1.709184
6855,-0.58583623
6856,-1.8303813
6857,-0.19802973
6858,0.62177765
6859,-2.5833864
6860,0.35982546
6861,2.4806635
6862,-1.3725436
6863,-0.8347992
6864,0.27472338
6865,2.926865
6866,-0.7757166
6867,1.6853153
6868,-0.08077863
6869,0.57214797
6870,-0.83348566
6871,-0.14608207
6872,-1.0012707
6873,0.59921724
6874,1.3369116
6875,-0.5716972
6876,-2.4332283
6877,-1.3552388
6878,-0.55864424
6879,0.22593029
6880,1.2382034
6881,-0.68175083
6882,-1.0938922
6883,-0.6335891
6884,2.411683
6885,-1.2701877
6886,0.4391394
6887,-0.5518425
6888,-0.7055234
6889,2.0093007
6890,-0.5326596
6891,1.6900588
6892,-0.48405674
6893,0.3375447
6894,0.8342589
6895,0.29086772
6896,0.680048
6897,0.97148275
6898,-0.864342
6899,2.636025
6900,-1.4066001
6901,0.9424159
6902,-2.157922
6903,1.1825286
6904,1.243454
6905,-0.6844777
6906,-1.1277868
6907,2.4601538
6908,-0.62530625
6909,2.1119564
6910,2.3042746
6911,1.7198324
6912,-1.8482357
6913,1.552521
6914,1.7182788
6915,-1.4128786
6916,-0.8405165
6917,-0.012622358
6918,-1.7352036
6919,-0.20336078
6920,0.44067425
6921,-1.4640115
6922,0.5060213
6923,-1.230182
6924,-0.933194
6925,-1.1028758
6926,0.63318133
6927,-0.47123533
6928,-2.3088973
6929,1.0101697
6930,-0.30885848
6931,1.572315
6932,0.73928463
6933,0.685843
6934,0.8683907
6935,-0.24036406
6936,-0.31910625
6937,0.80958176
6938,-0.88576096
6939,0.71897125
6940,-1.8903406
6941,-1.8305916
6942,0.25542283
6943,-0.11716062
6944,1.90209
6945,-0.63732725
6946,-1.4241894
6947,-0.59414345
6948,-1.9401238
6949,-1.0830382
6950,-0.92431504
6951,-1.4892197
6952,-1.0210227
6953,0.95594406
6954,0.8365797
6955,0.05652095
6956,-0.8396475
6957,-0.32046986
6958,0.2770701
6959,1.2311507
6960,0.41025892
6961,-2.0790637
6962,0.44873834
6963,1.1394488
6964,-0.15897852
6965,0.65719044
6966,-0.34777033
6967,1.5048264
6968,-0.7005966
6969,1.2166448
6970,-0.7454955
6971,1.3297877
6972,1.2709868
6973,-0.60195243
6974,1.7935967
6975,-1.527372
6976,0.34205097
6977,-1.300965
6978,1.2057351
6979,-2.2541215
6980,-0.59928143
6981,-0.057333577
6982,-2.4470272
6983,-1.765226
6984,-1.0927473
6985,1.6225733
6986,0.1258276
6987,1.0796884
6988,0.9157409
6989,1.5519136
6990,1.3774606
6991,-1.7719376
6992,-0.09291206
6993,0.9348377
6994,-0.06703167
6995,-0.9918049
6996,-0.5355938
6997,1.1824443
6998,0.74761456
6999,-2.2540877
7000,1.3320202
7001,0.29482377
7002,-1.0928799
7003,-0.98230284
7004,-2.4303844
7005,1.4193684
7006,2.0258412
7007,-2.257927
7008,-0.95814914
7009,1.7076364
7010,-0.47719675
7011,-1.5723376
7012,-0.0074078413
7013,0.052180216
7014,-0.5975505
7015,-0.74845076
7016,-0.8309377
7017,-0.4576165
7018,-1.6829778
7019,-1.9460918
7020,-0.40699756
7021,0.45522535
7022,-1.7401596
7023,-0.05943829
7024,0.6835029
7025,2.2716851
7026,-1.3072236
7027,1.3001026
7028,-1.9858831
7029,1.4503667
7030,2.5864086
7031,-1.403774
7032,-1.5658022
7033,0.19935068
7034,0.1450107
7035,-0.35952964
7036,-1.4369209
7037,0.49230313
7038,2.1732507
7039,-0.5553417
7040,-1.2995105
7041,-0.10025817
7042,-0.8626397
7043,-1.8947625
7044,1.4524629
7045,-1.1768202
7046,-0.28286427
7047,2.0456264
7048,1.704496
7049,0.46785548
7050,0.59036624
7051,-0.88766736
7052,-0.5104995
7053,-0.9815422
7054,1.2068869
7055,3.13966
7056,1.3330288
7057,0.97547746
7058,1.4770374
7059,-0.9781939
7060,-0.4981832
7061,2.696009
7062,2.296363
7063,0.31472492
7064,-1.200984
7065,1.2597127
7066,-0.593851
7067,1.3947769
7068,2.6334105
7069,-1.9579366
7070,-0.9282618
7071,-1.1410536
7072,1.6680995
7073,-1.4831592
7074,1.040134
7075,-1.6064309
7076,-2.7463074
7077,-1.2884504
7078,-1.2271819
7079,-0.79152465
7080,-1.2207624
7081,1.6659731
7082,1.1515174
7083,-0.5702961
7084,-0.5959195
7085,0.029330853
7086,-1.4620712
7087,1.2443173
7088,-1.2346907
7089,0.046515476
7090,1.0645472
7091,-1.7827786
7092,1.8605298
7093,0.023715261
7094,-0.74990726
7095,-0.9782564
7096,-0.9316824
7097,-1.0632329
7098,-0.17550986
7099,-1.5392883
7100,-1.7733213
7101,0.80274653
7102,1.7491163
7103,-0.6767333
7104,1.3940297
7105,-2.0743816
7106,0.4030749
7107,-0.6364063
7108,-0.22780825
7109,-0.53429353
7110,-0.8746928
7111,-1.7820128
7112,0.33022186
7113,-0.9673717
7114,-0.850915
7115,-0.5543652
7116,-0.29220685
7117,-0.4812704
7118,-0.076664634
7119,2.0472689
7120,0.018356584
7121,-1.4470345
7122,-1.2798862
7123,-0.11213291
7124,-0.7129985
7125,0.0604071
7126,-0.6153161
7127,-1.1254795
7128,-1.1802714
7129,0.7687941
7130,-0.990822
7131,1.8880693
7132,1.8360139
7133,-1.1996197
7134,-1.9883219
7135,-0.63268393
7136,-2.09924
7137,0.48254555
7138,-0.8330773
7139,0.12715136
7140,-1.1477451
7141,-0.3620613
7142,2.1178966
7143,-2.5058296
7144,-0.3088041
7145,1.6388997
7146,0.17038795
7147,2.385123
7148,-1.8486466
7149,-1.4758478
7150,-1.0391997
7151,-2.2817364
7152,1.4463171
7153,2.1079311
7154,-0.8688612
7155,-0.14756937
7156,0.5713015
7157,0.23313671
7158,-1.0652367
7159,2.9387069
7160,-0.58476394
7161,-0.38017112
7162,-1.270924
7163,-1.3003712
7164,-2.8173463
7165,-0.44263342
7166,-0.5553882
7167,-1.4699869
7168,0.7071886
7169,-0.17749585
7170,-0.18344763
7171,-0.8560049
7172,1.3952283
7173,-0.022985656
7174,-1.3751845
7175,-0.08633159
7176,0.35192046
7177,-0.8524856
7178,-0.7923495
7179,1.0872499
7180,-0.8096645
7181,-1.1340662
7182,-1.5331585
7183,-0.28185636
7184,0.012302028
7185,-1.973027
7186,0.41070935
7187,2.087463
7188,-0.27367267
7189,-0.12198084
7190,0.0532321
7191,2.4957178
7192,2.6886182
7193,-1.5160471
7194,-1.521105
7195,-1.8702124
7196,-0.36155912
7197,-2.104525
7198,-0.22943403
7199,-0.51759034
7200,1.8751925
7201,-1.6109929
7202,0.8216258
7203,-0.5623292
7204,-0.3728563
7205,1.7450328
7206,0.3868992
7207,-0.5199918
7208,-1.6012809
7209,1.3808529
7210,-1.7351799
7211,0.070166945
7212,-0.9145014
7213,0.20944512
7214,-0.93013227
7215,-1.1678562
7216,-1.6233298
7217,-2.2766461
7218,-1.8897831
7219,-0.084542625
7220,-0.834129
7221,-1.8214498
7222,1.4972237
7223,0.22750239
7224,-0.3196393
7225,-1.4948647
7226,0.13711742
7227,0.38872045
7228,-0.40543592
7229,-0.8607957
7230,0.42670056
7231,0.42821053
7232,-2.265054
7233,-1.0688258
7234,-0.8646899
7235,-0.67413455
7236,0.19948882
7237,-0.37462717
7238,0.5901236
7239,1.6122096
7240,2.5769615
7241,-1.9377946
7242,0.30785298
7243,-2.0811224
7244,2.2059016
7245,-2.2445214
7246,1.1695142
7247,-0.86239374
7248,-1.3003354
7249,-0.4759517
7250,-1.8784164
7251,0.8796674
7252,-1.920603
7253,-0.74774396
7254,2.1198673
7255,-1.6255777
7256,-0.1730657
7257,2.1983461
7258,2.2061884
7259,0.77650595
7260,-1.4355369
7261,0.53481716
7262,-0.17656699
7263,1.617748
7264,-0.6250945
7265,-2.195948
7266,0.37694296
7267,1.2933546
7268,-1.6198776
7269,1.9615961
7270,-0.5966272
7271,0.85515714
7272,-1.3154216
7273,-0.8605091
7274,1.7661619
7275,2.0179124
7276,1.2339649
7277,-0.5196844
7278,-1.635481
7279,-0.014860723
7280,0.69872224
7281,0.14892338
7282,-0.99349415
7283,-0.8864655
7284,1.4476691
7285,2.295861
7286,0.20325513
7287,-1.1367966
7288,-1.4361961
7289,-1.2988316
7290,2.1582732
7291,-0.38845322
7292,0.30278462
7293,-1.1423445
7294,-0.71002066
7295,-1.3607361
7296,-0.509518
7297,2.1887498
7298,0.12729736
7299,0.36883315
7300,0.7045034
7301,-0.18457483
7302,2.7428563
7303,0.84922487
7304,-0.37210646
7305,-1.527754
7306,-0.5829202
7307,-0.09195807
7308,-1.022534
7309,-1.0880468
7310,0.551729
7311,-0.42408836
7312,0.17905062
7313,1.0498067
7314,-2.2994335
7315,1.1247592
7316,1.3864982
7317,0.8526691
7318,0.7850604
7319,-0.36003318
7320,1.6977966
7321,0.116123356
7322,0.4703679
7323,1.4000026
7324,0.15231493
7325,0.31564134
7326,-1.2203131
7327,0.26497364
7328,2.1673427
7329,-0.795245
7330,1.2285724
7331,-0.36565232
7332,2.294371
7333,1.029527
7334,1.1905159
7335,-0.77819026
7336,-0.85940146
7337,-0.7968449
7338,2.0517504
7339,-2.0118375
7340,2.8140106
7341,0.19367471
7342,-1.4179025
7343,1.8259617
7344,1.4937549
7345,0.32436603
7346,2.5785046
7347,1.920174
7348,-1.7564261
7349,2.6986632
7350,2.6619034
7351,-0.3981028
7352,-0.6533246
7353,-0.38266432
7354,1.3188837
7355,-0.24088474
7356,-0.5521912
7357,-1.7145797
7358,1.8406384
7359,-0.7871042
7360,-0.27955213
7361,-0.3968339
7362,-0.8525841
7363,-0.9947679
7364,-1.4266717
7365,-1.0000488
7366,-1.773771
7367,0.9242782
7368,-1.8080701
7369,-2.4741573
7370,-1.540105
7371,0.7081684
7372,0.32056174
7373,0.36017102
7374,-0.5399364
7375,-1.6547178
7376,1.5637784
7377,-1.2220827
7378,-1.7950261
7379,-1.2602736
7380,0.17764354
7381,-2.0251508
7382,-0.7515614
7383,-1.5524638
7384,-1.7171108
7385,0.56115806
7386,0.9435989
7387,0.44561663
7388,0.088386126
7389,-1.3137774
7390,-0.7988755
7391,2.5290306
7392,-1.0081803
7393,0.770563
7394,-1.3441684
7395,-0.78036845
7396,2.6147912
7397,-0.069932535
7398,2.637415
7399,-1.3004783
7400,-1.1010848
7401,-1.3173697
7402,-0.63481075
7403,-0.39034173
7404,2.5261285
7405,-0.17106424
7406,1.33096
7407,-0.35010698
7408,0.15805939
7409,-0.6723247
7410,0.13576579
7411,-0.86977106
7412,1.2809755
7413,-0.9455476
7414,-1.7658894
7415,1.3296903
7416,-2.0367618
7417,-0.9868693
7418,-0.942434
7419,2.8548307
7420,-1.0333953
7421,1.1627718
7422,2.1030245
7423,1.3652664
7424,-2.0333664
7425,2.4268157
7426,-1.4710773
7427,2.2379644
7428,-1.0807443
7429,2.3788207
7430,1.4618556
7431,-1.0383078
7432,-1.2847153
7433,0.053605866
7434,-1.1871303
7435,-2.4605353
7436,-0.14172919
7437,2.3847234
7438,0.064091235
7439,1.3678203
7440,0.5916899
7441,-0.98091394
7442,1.0318561
7443,-1.0282948
7444,-0.9428535
7445,-1.5065628
7446,1.0559701
7447,2.469167
7448,0.6045094
7449,0.6100087
7450,-0.43826836
7451,-0.2245155
7452,0.2838145
7453,2.2756147
7454,-2.204813
7455,-0.80335754
7456,2.197367
7457,-0.79760855
7458,-2.8048527
7459,-1.9241645
7460,-0.75065595
7461,1.8312291
7462,0.9767665
7463,1.2496884
7464,-0.56508034
7465,0.58538973
7466,-0.8720923
7467,-2.1799915
7468,1.6754955
7469,-0.6449128
7470,-0.67846227
7471,2.0590672
7472,-1.4933784
7473,1.7010427
7474,0.37860635
7475,-0.11906011
7476,2.854092
7477,-0.071713515
7478,-2.3576238
7479,-0.46719074
7480,-0.66843563
7481,1.9022251
7482,0.5256989
7483,-1.7784938
7484,0.73957306
7485,2.7721467
7486,-1.3523384
7487,0.21485959
7488,-0.17178757
7489,-1.0324087
7490,-0.016004981
7491,-0.27176064
7492,-0.9287837
7493,2.586848
7494,-2.1471646
7495,1.580587
7496,0.6431367
7497,-1.5010517
7498,-1.9100938
7499,-0.1715266
7500,0.27486068
7501,-0.032980144
7502,-0.88578
7503,-0.17264794
7504,1.8590714
7505,-0.34486747
7506,0.1737897
7507,-0.67091787
7508,0.7376228
7509,2.353276
7510,-0.15198763
7511,2.7019176
7512,-0.9833177
7513,-0.20676422
7514,-0.2330693
7515,-0.70583427
7516,-1.0529934
