experiment_id,timestamp,config_name,prompt,system_prompt,response,model,model_id,config_weighting,config_prompting,prompt_id,weighted_words_enabled,weight_factor,enable_thinking,temperature,response_time_seconds,flesch_kincaid_grade,gunning_fog,smog_index,automated_readability_index,coleman_liau_index,dale_chall_readability_score,flesch_reading_ease,linsear_write_formula,spache_readability,mcalpine_eflaw,sentence_count,word_count,character_count,syllable_count,polysyllable_count,monosyllable_count,difficult_words,reading_time_seconds,reading_time_minutes,cleaned_response,response_appropriateness,vocabulary_level,notes
e6bc30a6-a82d-46a8-b290-7163245165b4,2025-10-05T19:22:18.167075,Phi3_control,What does the word 'library' mean?,You are a helpful English teacher for beginner students. Answer with a paragraph only with plain text,"The word 'library' refers to a place where collections of books, magazines, newspapers, and other informational materials are stored and made available for people to read, study, or borrow. Libraries can be public or private, and they often provide additional resources like computers, internet access, and multimedia materials. They serve as important centers for learning and research, and their main purpose is to facilitate the sharing and preservation of knowledge.",Phi3,microsoft/Phi-3-mini-4k-instruct-gguf,False,False,P1,False,2.0,False,0.7,3.6403870582580566,15.42,17.9,16.73,17.22,15.0,11.11,26.04,17.33,7.2,31.33,3,70,401,130,17,37,24,5.89,0.1,"The word 'library' refers to a place where collections of books, magazines, newspapers, and other informational materials are stored and made available for people to read, study, or borrow. Libraries can be public or private, and they often provide additional resources like computers, internet access, and multimedia materials. They serve as important centers for learning and research, and their main purpose is to facilitate the sharing and preservation of knowledge.",,,
d94143d1-2859-4ba7-8b99-b4a822168ab4,2025-10-05T19:22:22.902228,Phi3_weighted,What does the word 'library' mean?,You are a helpful English teacher for beginner students. Answer with a paragraph only with plain text,"The word 'library' refers to a place where a collection of books, periodicals, and other materials like maps and records are kept for people to read, study, and borrow. Libraries can be public or private and may also house digital and multimedia resources. They play a putative role in providing access to information, fostering a love for reading and learning, and supporting educational and research activities. Additionally, many libraries offer various programs and services to the community, such as storytelling for children, computer and internet access, and workshops on a wide range of subjects.",Phi3,microsoft/Phi-3-mini-4k-instruct-gguf,True,False,P1,True,2.0,False,0.7,4.628514766693115,15.29,18.76,16.83,15.92,13.48,10.85,27.28,17.5,7.08,32.25,4,94,511,173,23,51,31,7.51,0.13,"The word 'library' refers to a place where a collection of books, periodicals, and other materials like maps and records are kept for people to read, study, and borrow. Libraries can be public or private and may also house digital and multimedia resources. They play a putative role in providing access to information, fostering a love for reading and learning, and supporting educational and research activities. Additionally, many libraries offer various programs and services to the community, such as storytelling for children, computer and internet access, and workshops on a wide range of subjects.",,,
f2cc073b-3917-4ef1-a000-1254c510009d,2025-10-05T19:22:25.965032,Phi3_prompted,What does the word 'library' mean?,You are a helpful English teacher for beginner students. Answer with a paragraph only with plain text,"A library is a place where you can find lots of books and things to read. People go there to learn new things, find stories, or do homework. It's like a big room with many shelves filled with books. You can borrow books to take home and read them. The library is a quiet and special place to help you learn and enjoy reading.",Phi3,microsoft/Phi-3-mini-4k-instruct-gguf,False,True,P1,False,2.0,False,0.7,3.016486167907715,3.6,5.12,6.74,4.25,4.91,6.74,92.06,5.8,2.91,18.2,5,64,262,77,2,53,2,3.85,0.06,"A library is a place where you can find lots of books and things to read. People go there to learn new things, find stories, or do homework. It's like a big room with many shelves filled with books. You can borrow books to take home and read them. The library is a quiet and special place to help you learn and enjoy reading.",,,
110ae6ca-c2bf-458b-97fa-3549b180f642,2025-10-05T19:22:28.622420,Phi3_weighted_prompted,What does the word 'library' mean?,You are a helpful English teacher for beginner students. Answer with a paragraph only with plain text,A library is a big room or building where people can go to read many different kinds of books and look at things in them. Libraries have lots of shelves with books on them. People can take books home to read or look at them there for a short time. Libraries are nice places to learn new things and have fun with stories.,Phi3,microsoft/Phi-3-mini-4k-instruct-gguf,True,True,P1,True,2.0,False,0.7,2.5599420070648193,4.97,7.57,8.84,5.73,5.7,7.17,87.45,7.88,3.47,22.0,4,63,258,77,4,53,2,3.79,0.06,A library is a big room or building where people can go to read many different kinds of books and look at things in them. Libraries have lots of shelves with books on them. People can take books home to read or look at them there for a short time. Libraries are nice places to learn new things and have fun with stories.,,,
0db3a46f-baa8-4063-975d-5f88ce817942,2025-10-05T19:22:34.717045,Phi3_control,How do I introduce myself in English?,You are a helpful English teacher for beginner students. Answer with a paragraph only with plain text,"Introducing yourself in English is a simple process. You can start with a friendly greeting, followed by your name, and then share some additional personal information if you feel comfortable. Here's a basic example:

""Hello, my name is [Your Name]. It's a pleasure to meet you. I am originally from [Your Hometown] and I work as a [Your Occupation]. I enjoy [Your Hobbies] in my free time. I am currently studying [Your Education] and I hope to continue learning new things every day.""

Remember, you can adjust the information you share based on the context and the people you are speaking with. It's always a good idea to start with something general and then, if the situation allows, move on to more personal details.",Phi3,microsoft/Phi-3-mini-4k-instruct-gguf,False,False,P2,False,2.0,False,0.7,5.9079909324646,8.24,10.35,11.43,8.14,8.53,8.01,60.49,7.12,4.65,19.44,9,124,597,194,19,83,25,8.77,0.15,"Introducing yourself in English is a simple process. You can start with a friendly greeting, followed by your name, and then share some additional personal information if you feel comfortable. Here's a basic example: ""Hello, my name is [Your Name]. It's a pleasure to meet you. I am originally from [Your Hometown] and I work as a [Your Occupation]. I enjoy [Your Hobbies] in my free time. I am currently studying [Your Education] and I hope to continue learning new things every day."" Remember, you can adjust the information you share based on the context and the people you are speaking with. It's always a good idea to start with something general and then, if the situation allows, move on to more personal details.",,,
fc01a011-687c-4a37-baed-3351babba8bb,2025-10-05T19:22:40.418906,Phi3_weighted,How do I introduce myself in English?,You are a helpful English teacher for beginner students. Answer with a paragraph only with plain text,"Introducing yourself in English can be a simple and friendly process. To start, you can say ""Hello! My name is [Your Name]."" This is a straightforward and effective way to let people know who you are. You can add a smile to make the introduction more welcoming. If you want to give a bit more information, you can say, ""Nice to meet you! I'm a [Your Profession or hobby]."" This helps the other person to get to know you a little better. Remember to speak clearly and at a moderate pace to make it easy for the person to understand you. Practice your pronunciation and intonation to sound confident and engaging.",Phi3,microsoft/Phi-3-mini-4k-instruct-gguf,True,False,P2,True,2.0,False,0.7,5.272951126098633,5.85,8.76,9.89,5.38,6.56,6.75,72.86,5.67,3.64,16.9,10,111,501,161,14,81,16,7.36,0.12,"Introducing yourself in English can be a simple and friendly process. To start, you can say ""Hello! My name is [Your Name]."" This is a straightforward and effective way to let people know who you are. You can add a smile to make the introduction more welcoming. If you want to give a bit more information, you can say, ""Nice to meet you! I'm a [Your Profession or hobby]."" This helps the other person to get to know you a little better. Remember to speak clearly and at a moderate pace to make it easy for the person to understand you. Practice your pronunciation and intonation to sound confident and engaging.",,,
0fc057a2-7780-4ddd-a8f1-9ec15ae857a9,2025-10-05T19:22:48.442516,Phi3_prompted,How do I introduce myself in English?,You are a helpful English teacher for beginner students. Answer with a paragraph only with plain text,"To introduce yourself in English, you can say ""Hello, my name is [Your Name]."" This is a friendly way to tell others your name. After that, you can say ""I am [Your Age] years old"" if you want to tell them how old you are. You can also add ""I am from [Your Country]"" if you want to say where you come from. Remember to use a smile and be polite when you talk to people.",Phi3,microsoft/Phi-3-mini-4k-instruct-gguf,False,True,P2,False,2.0,False,0.7,7.84174108505249,4.31,6.61,6.74,4.33,3.09,1.38,91.22,7.0,3.21,23.6,5,76,293,90,2,64,2,4.3,0.07,"To introduce yourself in English, you can say ""Hello, my name is [Your Name]."" This is a friendly way to tell others your name. After that, you can say ""I am [Your Age] years old"" if you want to tell them how old you are. You can also add ""I am from [Your Country]"" if you want to say where you come from. Remember to use a smile and be polite when you talk to people.",,,
a080bff4-ab59-4990-b089-1dbb67dbe443,2025-10-05T19:22:52.226310,Phi3_weighted_prompted,How do I introduce myself in English?,You are a helpful English teacher for beginner students. Answer with a paragraph only with plain text,"When you want to say hello and tell someone your name in English, you can say, ""Hello! My name is [Your Name]."" This is a simple way to introduce yourself. You say ""hello"" to start the conversation and then tell them your name by saying, ""My name is [Your Name]."" Just replace [Your Name] with the name you go by. Remember to smile and make eye contact to show you're friendly!",Phi3,microsoft/Phi-3-mini-4k-instruct-gguf,True,True,P2,True,2.0,False,0.7,3.7061710357666016,3.82,5.86,7.17,4.85,4.98,5.34,88.78,5.42,3.11,16.83,6,71,307,89,3,57,5,4.51,0.08,"When you want to say hello and tell someone your name in English, you can say, ""Hello! My name is [Your Name]."" This is a simple way to introduce yourself. You say ""hello"" to start the conversation and then tell them your name by saying, ""My name is [Your Name]."" Just replace [Your Name] with the name you go by. Remember to smile and make eye contact to show you're friendly!",,,
d149cddc-4ddb-433b-8660-c2118a38c56a,2025-10-05T19:22:57.853448,Phi3_control,What is a dog?,You are a helpful English teacher for beginner students. Answer with a paragraph only with plain text,"A dog is a domesticated mammal that is often considered a man's best friend. It belongs to the Canidae family, which also includes wolves, foxes, and other wild relatives. Dogs are known for their loyalty, companionship, and ability to form strong bonds with humans. They have been bred for various purposes, such as hunting, herding, and protection, but today, they are primarily kept as pets. Dogs come in various shapes, sizes, and breeds, each with its own unique traits and characteristics. They communicate through barks, body language, and facial expressions, and they require care, attention, and training to be well-behaved and happy members of the family.",Phi3,microsoft/Phi-3-mini-4k-instruct-gguf,False,False,P3,False,2.0,False,0.7,5.480701923370361,10.34,13.1,13.3,12.29,11.74,10.47,52.43,11.33,5.6,23.17,6,106,560,171,19,68,27,8.23,0.14,"A dog is a domesticated mammal that is often considered a man's best friend. It belongs to the Canidae family, which also includes wolves, foxes, and other wild relatives. Dogs are known for their loyalty, companionship, and ability to form strong bonds with humans. They have been bred for various purposes, such as hunting, herding, and protection, but today, they are primarily kept as pets. Dogs come in various shapes, sizes, and breeds, each with its own unique traits and characteristics. They communicate through barks, body language, and facial expressions, and they require care, attention, and training to be well-behaved and happy members of the family.",,,
ebf1e680-afb7-4b1a-a053-eb215fbb8c25,2025-10-05T19:23:03.151984,Phi3_weighted,What is a dog?,You are a helpful English teacher for beginner students. Answer with a paragraph only with plain text,"A dog is a domesticated mammal that belongs to the Canidae family. They are one of the most popular pets globally and come in a variety of breeds, sizes, and appearances. Dogs have been bred by humans for thousands of years to serve different roles, such as hunting, herding, guarding, and companionship. They are known for their loyalty and can form strong bonds with their human companions. Dogs have a keen sense of hearing and smell and can communicate with body language and vocalizations. They require proper care and attention, including a balanced diet, regular exercise, and social interaction to live a happy and healthy life.",Phi3,microsoft/Phi-3-mini-4k-instruct-gguf,True,False,P3,True,2.0,False,0.7,5.1732800006866455,10.0,12.73,13.02,11.0,10.76,9.88,54.82,11.33,5.52,23.83,6,106,531,168,18,70,27,7.8,0.13,"A dog is a domesticated mammal that belongs to the Canidae family. They are one of the most popular pets globally and come in a variety of breeds, sizes, and appearances. Dogs have been bred by humans for thousands of years to serve different roles, such as hunting, herding, guarding, and companionship. They are known for their loyalty and can form strong bonds with their human companions. Dogs have a keen sense of hearing and smell and can communicate with body language and vocalizations. They require proper care and attention, including a balanced diet, regular exercise, and social interaction to live a happy and healthy life.",,,
67b63d9c-0b1b-4029-903d-8ed36d252b92,2025-10-05T19:23:06.483095,Phi3_prompted,What is a dog?,You are a helpful English teacher for beginner students. Answer with a paragraph only with plain text,"A dog is a furry animal that many people love to have as pets. Dogs come in different sizes and colors. They have four legs, a tail, and they can bark and wag their tails when they are happy. Dogs can be good friends to humans, and they often help people by doing tasks like guiding the blind, protecting homes, or playing with children.",Phi3,microsoft/Phi-3-mini-4k-instruct-gguf,False,True,P3,False,2.0,False,0.7,3.2171411514282227,5.95,7.03,8.08,6.73,6.37,8.38,80.88,7.75,4.17,21.25,4,64,274,83,3,48,8,4.03,0.07,"A dog is a furry animal that many people love to have as pets. Dogs come in different sizes and colors. They have four legs, a tail, and they can bark and wag their tails when they are happy. Dogs can be good friends to humans, and they often help people by doing tasks like guiding the blind, protecting homes, or playing with children.",,,
4a64c058-0ffc-48f4-a38c-1cf4ceafcaa5,2025-10-05T19:23:10.115458,Phi3_weighted_prompted,What is a dog?,You are a helpful English teacher for beginner students. Answer with a paragraph only with plain text,"A dog is a friendly animal that many people have as a pet. It's like a big cat but not so big. Dogs have fur and they make sounds like barking and wagging their tails to show they're happy. They can run and play with people and their owners. Dogs can be small or big, with different colors and names too. People love their dogs and take care of them by feeding and giving them love and attention.",Phi3,microsoft/Phi-3-mini-4k-instruct-gguf,True,True,P3,True,2.0,False,0.7,3.5749449729919434,4.0,5.2,7.17,4.33,4.97,6.51,89.52,6.0,3.22,18.67,6,78,319,96,3,63,5,4.69,0.08,"A dog is a friendly animal that many people have as a pet. It's like a big cat but not so big. Dogs have fur and they make sounds like barking and wagging their tails to show they're happy. They can run and play with people and their owners. Dogs can be small or big, with different colors and names too. People love their dogs and take care of them by feeding and giving them love and attention.",,,
b7e79503-08a5-4769-83ad-0b72cc57717b,2025-10-05T19:23:14.617731,Phi3_control,Can you explain what 'breakfast' is?,You are a helpful English teacher for beginner students. Answer with a paragraph only with plain text,"Breakfast is the first meal of the day, usually eaten in the morning after waking up from sleep. It is an important meal because it provides the body with the energy and nutrients needed to start the day. Breakfast typically includes a variety of foods like cereals, fruits, eggs, bread, milk, and beverages such as coffee or tea. Eating a balanced breakfast can help maintain energy levels, improve concentration, and promote a healthy lifestyle. Skipping breakfast is not recommended as it may lead to decreased energy and concentration throughout the day.",Phi3,microsoft/Phi-3-mini-4k-instruct-gguf,False,False,P4,False,2.0,False,0.7,4.2892138957977295,10.57,12.55,12.34,11.89,11.57,9.4,51.7,11.7,5.77,25.6,5,91,468,147,13,53,22,6.87,0.11,"Breakfast is the first meal of the day, usually eaten in the morning after waking up from sleep. It is an important meal because it provides the body with the energy and nutrients needed to start the day. Breakfast typically includes a variety of foods like cereals, fruits, eggs, bread, milk, and beverages such as coffee or tea. Eating a balanced breakfast can help maintain energy levels, improve concentration, and promote a healthy lifestyle. Skipping breakfast is not recommended as it may lead to decreased energy and concentration throughout the day.",,,
779a3e61-3686-4445-8e23-e540eeaae704,2025-10-05T19:23:19.043381,Phi3_weighted,Can you explain what 'breakfast' is?,You are a helpful English teacher for beginner students. Answer with a paragraph only with plain text,"Breakfast is the first meal of the day, typically eaten in the morning after a night of sleeping. It is an essential meal that provides the body with the necessary nutrients and energy to start the day. Breakfast can consist of a variety of foods such as cereals, fruits, breads, milk, and eggs. The name ""breakfast"" comes from the term ""break the fast,"" which means to end the night's fasting period and start a new day with food. Eating a balanced breakfast can improve concentration, mood, and overall health.",Phi3,microsoft/Phi-3-mini-4k-instruct-gguf,True,False,P4,True,2.0,False,0.7,4.334279298782349,8.19,11.61,11.21,9.91,9.0,8.6,68.05,10.9,4.89,25.2,5,89,424,127,10,64,16,6.23,0.1,"Breakfast is the first meal of the day, typically eaten in the morning after a night of sleeping. It is an essential meal that provides the body with the necessary nutrients and energy to start the day. Breakfast can consist of a variety of foods such as cereals, fruits, breads, milk, and eggs. The name ""breakfast"" comes from the term ""break the fast,"" which means to end the night's fasting period and start a new day with food. Eating a balanced breakfast can improve concentration, mood, and overall health.",,,
ace9b249-bcd8-4499-89a7-cbe5853f7334,2025-10-05T19:23:21.800056,Phi3_prompted,Can you explain what 'breakfast' is?,You are a helpful English teacher for beginner students. Answer with a paragraph only with plain text,"Breakfast is the first meal we eat in the morning. It gives us energy to start the day. People usually have foods like cereal, toast, eggs, or fruit for breakfast. Eating breakfast helps us to focus better at school or work. It's important to have a good breakfast every day.",Phi3,microsoft/Phi-3-mini-4k-instruct-gguf,False,True,P4,False,2.0,False,0.7,2.6372039318084717,4.83,5.6,8.84,4.86,6.41,6.66,78.25,5.0,2.94,14.2,5,50,226,70,5,36,4,3.32,0.06,"Breakfast is the first meal we eat in the morning. It gives us energy to start the day. People usually have foods like cereal, toast, eggs, or fruit for breakfast. Eating breakfast helps us to focus better at school or work. It's important to have a good breakfast every day.",,,
71e8fd30-c93d-4baa-a5db-15c70a386722,2025-10-05T19:23:24.630578,Phi3_weighted_prompted,Can you explain what 'breakfast' is?,You are a helpful English teacher for beginner students. Answer with a paragraph only with plain text,"Breakfast is the first meal we eat in the morning after we wake up. It's like a special food that gives our body energy to start the day. People eat different foods for breakfast, like cereal, toast, or fruit. It's a good idea to eat a healthy breakfast to help us have a good day at school or work.",Phi3,microsoft/Phi-3-mini-4k-instruct-gguf,True,True,P4,True,2.0,False,0.7,2.7329189777374268,5.56,6.58,8.84,5.18,5.0,5.44,81.45,7.38,3.21,21.75,4,59,241,77,4,45,2,3.54,0.06,"Breakfast is the first meal we eat in the morning after we wake up. It's like a special food that gives our body energy to start the day. People eat different foods for breakfast, like cereal, toast, or fruit. It's a good idea to eat a healthy breakfast to help us have a good day at school or work.",,,
7acdfe93-0cd6-4afa-87d4-78a60a89cbf9,2025-10-05T19:23:29.704699,Phi3_control,What is the difference between 'big' and 'large'?,You are a helpful English teacher for beginner students. Answer with a paragraph only with plain text,"The difference between 'big' and 'large' lies in their usage and connotations, though they are often considered synonyms. 'Big' is a general term used to describe something that is greater in size, volume, or importance, without specifying a particular context. It is commonly used in everyday conversation and can refer to physical size, emotional impact, or significance. On the other hand, 'large' is often perceived as slightly more formal and is frequently used in specific contexts, such as in measurements or descriptions. While both words convey a sense of greater size or scale, the choice between them may depend on the context, formality, and specificity of the situation.",Phi3,microsoft/Phi-3-mini-4k-instruct-gguf,False,False,P5,False,2.0,False,0.7,4.864454746246338,12.61,14.94,14.55,14.49,12.47,9.68,43.13,13.4,6.35,29.8,5,108,576,181,20,65,29,8.46,0.14,"The difference between 'big' and 'large' lies in their usage and connotations, though they are often considered synonyms. 'Big' is a general term used to describe something that is greater in size, volume, or importance, without specifying a particular context. It is commonly used in everyday conversation and can refer to physical size, emotional impact, or significance. On the other hand, 'large' is often perceived as slightly more formal and is frequently used in specific contexts, such as in measurements or descriptions. While both words convey a sense of greater size or scale, the choice between them may depend on the context, formality, and specificity of the situation.",,,
1023685c-65ba-447c-8f38-19a6e4913f06,2025-10-05T19:23:36.790364,Phi3_weighted,What is the difference between 'big' and 'large'?,You are a helpful English teacher for beginner students. Answer with a paragraph only with plain text,"The difference between the words 'big' and 'large' is very subtle and often used interchangeably in many contexts. However, there can be some nuances in their usage. Generally, 'big' is often used to describe the size of an object in a more general sense or to showcase its impressiveness or significance. For example, you might say, ""That's a big house,"" or ""He's a big personality."" On the other hand, 'large' typically refers to the size of an object in a more specific or factual way, and it's often used in more formal or technical contexts. For instance, you might say, ""The room is large,"" or ""This bag has a large capacity."" Both words can be used to describe size, but the context in which they're used can slightly affect their connotations or the impression they give.",Phi3,microsoft/Phi-3-mini-4k-instruct-gguf,True,False,P5,True,2.0,False,0.7,7.017765045166016,9.43,11.89,12.03,10.59,8.52,7.97,62.08,10.67,5.29,28.43,7,136,644,201,17,97,25,9.46,0.16,"The difference between the words 'big' and 'large' is very subtle and often used interchangeably in many contexts. However, there can be some nuances in their usage. Generally, 'big' is often used to describe the size of an object in a more general sense or to showcase its impressiveness or significance. For example, you might say, ""That's a big house,"" or ""He's a big personality."" On the other hand, 'large' typically refers to the size of an object in a more specific or factual way, and it's often used in more formal or technical contexts. For instance, you might say, ""The room is large,"" or ""This bag has a large capacity."" Both words can be used to describe size, but the context in which they're used can slightly affect their connotations or the impression they give.",,,
44a06d7f-7365-4dd0-9296-e705f4e23199,2025-10-05T19:23:40.955182,Phi3_prompted,What is the difference between 'big' and 'large'?,You are a helpful English teacher for beginner students. Answer with a paragraph only with plain text,"Big and large are words that mean something has a lot of size. When we say something is big, we think of it as very large. But big can also be used for things that are not as big as other things. Large is usually used for things that are bigger than most other things. For example, a big dog might not be as big as a large dog. But a small house is not large because it is not very big. So, big and large both talk about size, but large often means even bigger than big.",Phi3,microsoft/Phi-3-mini-4k-instruct-gguf,False,True,P5,False,2.0,False,0.7,4.047485113143921,3.84,6.42,6.18,3.5,3.51,5.46,92.49,6.29,2.99,21.43,7,98,373,116,2,83,2,5.48,0.09,"Big and large are words that mean something has a lot of size. When we say something is big, we think of it as very large. But big can also be used for things that are not as big as other things. Large is usually used for things that are bigger than most other things. For example, a big dog might not be as big as a large dog. But a small house is not large because it is not very big. So, big and large both talk about size, but large often means even bigger than big.",,,
21cfa1ae-43bf-47d9-bee7-f950b29563f7,2025-10-05T19:23:43.963467,Phi3_weighted_prompted,What is the difference between 'big' and 'large'?,You are a helpful English teacher for beginner students. Answer with a paragraph only with plain text,"The words 'big' and 'large' are similar and can be used to talk about things that are not small. However, 'big' is often used for people and animals, like a big dog or a big man. 'Large' is usually for things like a large room or a large box. Both words mean that something is not small, but they can be used in different situations.",Phi3,microsoft/Phi-3-mini-4k-instruct-gguf,True,True,P5,True,2.0,False,0.7,2.873297929763794,5.82,8.96,10.13,6.19,5.04,6.39,82.31,8.62,3.66,24.5,4,65,269,83,6,55,4,3.95,0.07,"The words 'big' and 'large' are similar and can be used to talk about things that are not small. However, 'big' is often used for people and animals, like a big dog or a big man. 'Large' is usually for things like a large room or a large box. Both words mean that something is not small, but they can be used in different situations.",,,
2f839005-8414-4243-87cf-8a9536639370,2025-10-05T19:23:48.910476,Phi3_control,Can you tell me about your favorite animal?,You are a helpful English teacher for beginner students. Answer with a paragraph only with plain text,"Certainly! One of my favorite animals is the dolphin. Dolphins are highly intelligent marine mammals known for their playful behavior and social nature. They belong to the family Delphinidae and are closely related to whales. Dolphins have a streamlined body that allows them to swim gracefully and swiftly through the water. They are found in oceans all around the world, from the shallow coastal areas to the deep sea. Dolphins communicate using a series of clicks and whistles, and they often display cooperative hunting techniques. Their friendly and curious nature makes them a favorite among marine enthusiasts and researchers alike.",Phi3,microsoft/Phi-3-mini-4k-instruct-gguf,False,False,P6,False,2.0,False,0.7,4.846106052398682,9.92,10.11,11.49,11.15,12.87,10.66,49.36,8.29,6.04,18.86,7,100,540,169,15,51,33,7.93,0.13,"Certainly! One of my favorite animals is the dolphin. Dolphins are highly intelligent marine mammals known for their playful behavior and social nature. They belong to the family Delphinidae and are closely related to whales. Dolphins have a streamlined body that allows them to swim gracefully and swiftly through the water. They are found in oceans all around the world, from the shallow coastal areas to the deep sea. Dolphins communicate using a series of clicks and whistles, and they often display cooperative hunting techniques. Their friendly and curious nature makes them a favorite among marine enthusiasts and researchers alike.",,,
e8cf5134-fe0f-4854-91b6-9c54bc10e57c,2025-10-05T19:23:53.570776,Phi3_weighted,Can you tell me about your favorite animal?,You are a helpful English teacher for beginner students. Answer with a paragraph only with plain text,"Certainly! My favorite animal is the elephant. Elephants are the largest land mammals and are known for their incredible intelligence and strong family bonds. They have a long trunk which they use for various tasks like grabbing food and water, trumpeting to communicate with one another, and showing affection to their herd members. Elephants have a very long lifespan, with some living up to 70 years in the wild. They play a crucial role in their ecosystems by shaping their environments and are an endangered species, so it's essential to take steps to protect them and their habitats.",Phi3,microsoft/Phi-3-mini-4k-instruct-gguf,True,False,P6,True,2.0,False,0.7,4.596302032470703,10.6,13.15,14.27,12.02,11.16,9.12,54.0,13.6,5.53,26.4,5,98,492,154,19,66,21,7.23,0.12,"Certainly! My favorite animal is the elephant. Elephants are the largest land mammals and are known for their incredible intelligence and strong family bonds. They have a long trunk which they use for various tasks like grabbing food and water, trumpeting to communicate with one another, and showing affection to their herd members. Elephants have a very long lifespan, with some living up to 70 years in the wild. They play a crucial role in their ecosystems by shaping their environments and are an endangered species, so it's essential to take steps to protect them and their habitats.",,,
1fff10b3-2e71-416b-89ff-8dca32fe35fd,2025-10-05T19:23:56.589705,Phi3_prompted,Can you tell me about your favorite animal?,You are a helpful English teacher for beginner students. Answer with a paragraph only with plain text,"Sure! A favorite animal is a special animal we really like. For example, many people love dogs. Dogs are fun, they play with us, and they are good friends. Dogs have fur, four legs, and they make sounds called barks. Some people like other animals too, like cats or birds. But if you like dogs, they are great pets to have at home.",Phi3,microsoft/Phi-3-mini-4k-instruct-gguf,False,True,P6,False,2.0,False,0.7,2.9537808895111084,3.3,5.47,8.34,3.93,4.86,7.92,90.09,5.08,2.73,13.83,6,63,269,79,5,52,3,3.95,0.07,"Sure! A favorite animal is a special animal we really like. For example, many people love dogs. Dogs are fun, they play with us, and they are good friends. Dogs have fur, four legs, and they make sounds called barks. Some people like other animals too, like cats or birds. But if you like dogs, they are great pets to have at home.",,,
a94afddb-2180-4a59-865b-4e839dd2f826,2025-10-05T19:23:59.584557,Phi3_weighted_prompted,Can you tell me about your favorite animal?,You are a helpful English teacher for beginner students. Answer with a paragraph only with plain text,Sure! My favorite animal is a dog. Dogs are very friendly and love to play with people. They can be small like a cat or big like a horse. Dogs have a special bark and can learn many tricks like sit or roll over. They can be pets in our home and they make us happy with their wagging tail and cuddles. Dogs are very good friends to have!,Phi3,microsoft/Phi-3-mini-4k-instruct-gguf,True,True,P6,True,2.0,False,0.7,2.941197156906128,3.26,4.6,6.43,2.61,3.57,6.27,92.17,5.08,2.83,16.17,6,69,268,84,2,56,3,3.94,0.07,Sure! My favorite animal is a dog. Dogs are very friendly and love to play with people. They can be small like a cat or big like a horse. Dogs have a special bark and can learn many tricks like sit or roll over. They can be pets in our home and they make us happy with their wagging tail and cuddles. Dogs are very good friends to have!,,,
71573f79-afd3-41bd-9f00-eed33636055b,2025-10-05T19:24:03.371125,Phi3_control,What colors do you see in a rainbow?,You are a helpful English teacher for beginner students. Answer with a paragraph only with plain text,"In a rainbow, you can see seven distinct colors arranged in a specific order. From the outer edge to the inner edge, these colors are red, orange, yellow, green, blue, indigo, and violet. This sequence is often remembered using the acronym ""ROYGBIV."" Each color in a rainbow has a different wavelength and frequency of light, and when sunlight passes through water droplets in the air, it gets refracted and dispersed, creating this beautiful arc of colors.",Phi3,microsoft/Phi-3-mini-4k-instruct-gguf,False,False,P7,False,2.0,False,0.7,3.739716053009033,10.45,11.28,12.16,11.74,10.5,9.36,53.97,12.0,5.89,26.25,4,76,382,120,10,42,19,5.61,0.09,"In a rainbow, you can see seven distinct colors arranged in a specific order. From the outer edge to the inner edge, these colors are red, orange, yellow, green, blue, indigo, and violet. This sequence is often remembered using the acronym ""ROYGBIV."" Each color in a rainbow has a different wavelength and frequency of light, and when sunlight passes through water droplets in the air, it gets refracted and dispersed, creating this beautiful arc of colors.",,,
635b16fe-bf54-4ca8-b1bb-0b6f6b5b3774,2025-10-05T19:24:07.272860,Phi3_weighted,What colors do you see in a rainbow?,You are a helpful English teacher for beginner students. Answer with a paragraph only with plain text,"A rainbow typically consists of seven distinct colors that can be seen in a beautiful arc in the sky. These colors are red, orange, yellow, green, blue, indigo, and violet. The mnemonic ""ROY G. BIV"" can be used to remember the order of these colors from the outer edge of the rainbow to its inner edge. Each color in the rainbow is a result of the dispersion of sunlight by water droplets in the atmosphere, which causes the light to refract and form this beautiful natural phenomenon.",Phi3,microsoft/Phi-3-mini-4k-instruct-gguf,True,False,P7,True,2.0,False,0.7,3.8126399517059326,8.96,10.18,11.6,8.87,8.17,8.49,61.79,10.9,5.07,25.4,5,87,399,131,11,55,16,5.86,0.1,"A rainbow typically consists of seven distinct colors that can be seen in a beautiful arc in the sky. These colors are red, orange, yellow, green, blue, indigo, and violet. The mnemonic ""ROY G. BIV"" can be used to remember the order of these colors from the outer edge of the rainbow to its inner edge. Each color in the rainbow is a result of the dispersion of sunlight by water droplets in the atmosphere, which causes the light to refract and form this beautiful natural phenomenon.",,,
57bc26fa-7bc4-487b-ab7d-df2eab2bdc35,2025-10-05T19:24:10.476535,Phi3_prompted,What colors do you see in a rainbow?,You are a helpful English teacher for beginner students. Answer with a paragraph only with plain text,"In a rainbow, you see many colors. There are seven colors that make it look pretty. They are red, orange, yellow, green, blue, indigo, and violet. These colors are in a special order and go from red to violet. This is how you can see a rainbow after it rains and the sun comes out. It's like a big, beautiful arc in the sky!",Phi3,microsoft/Phi-3-mini-4k-instruct-gguf,False,True,P7,False,2.0,False,0.7,3.158682107925415,4.24,4.89,7.79,3.11,3.72,6.14,83.65,5.0,3.01,16.33,6,64,261,85,4,47,3,3.83,0.06,"In a rainbow, you see many colors. There are seven colors that make it look pretty. They are red, orange, yellow, green, blue, indigo, and violet. These colors are in a special order and go from red to violet. This is how you can see a rainbow after it rains and the sun comes out. It's like a big, beautiful arc in the sky!",,,
f6b8534d-280e-470d-b9e1-6c79d1c1ba0c,2025-10-05T19:24:13.384258,Phi3_weighted_prompted,What colors do you see in a rainbow?,You are a helpful English teacher for beginner students. Answer with a paragraph only with plain text,"A rainbow has many colors. When it rains and the sun shines, you can see these colors in a line in the sky. The colors are red, orange, yellow, green, blue, and purple. Sometimes, there are a little bit of pink or brown in a rainbow too. So, a rainbow has red, orange, yellow, green, blue, purple, and sometimes pink or brown.",Phi3,microsoft/Phi-3-mini-4k-instruct-gguf,True,True,P7,True,2.0,False,0.7,2.8909668922424316,4.09,4.96,3.13,4.9,4.83,5.52,87.82,5.2,3.0,18.8,5,62,265,78,0,46,1,3.89,0.06,"A rainbow has many colors. When it rains and the sun shines, you can see these colors in a line in the sky. The colors are red, orange, yellow, green, blue, and purple. Sometimes, there are a little bit of pink or brown in a rainbow too. So, a rainbow has red, orange, yellow, green, blue, purple, and sometimes pink or brown.",,,
8bdfc964-e5fe-4c80-bfff-18294d4512aa,2025-10-05T19:24:19.326607,Phi3_control,Can you describe what happens in the morning?What does 'happy' mean?,You are a helpful English teacher for beginner students. Answer with a paragraph only with plain text,"In the morning, various activities and processes take place. People usually wake up, brush their teeth, and get dressed. Breakfast is often eaten, and people may engage in exercise, such as going for a morning walk or doing some yoga. Some people might commute to work or school, and throughout the morning, they might attend meetings, complete tasks, or engage in social interactions.

The word 'happy' refers to a state of contentment, joy, or satisfaction. It is an emotional state in which an individual feels good, positive, and optimistic about their life or specific situation. Happiness is often associated with feelings of well-being, fulfillment, and a sense of accomplishment. When someone is happy, they typically have a smile on their face, and their energy is upbeat and enthusiastic.",Phi3,microsoft/Phi-3-mini-4k-instruct-gguf,False,False,P8,False,2.0,False,0.7,5.889655828475952,10.38,12.96,12.6,11.22,11.44,8.87,49.15,8.43,5.31,21.5,8,128,670,214,22,78,32,9.84,0.16,"In the morning, various activities and processes take place. People usually wake up, brush their teeth, and get dressed. Breakfast is often eaten, and people may engage in exercise, such as going for a morning walk or doing some yoga. Some people might commute to work or school, and throughout the morning, they might attend meetings, complete tasks, or engage in social interactions. The word 'happy' refers to a state of contentment, joy, or satisfaction. It is an emotional state in which an individual feels good, positive, and optimistic about their life or specific situation. Happiness is often associated with feelings of well-being, fulfillment, and a sense of accomplishment. When someone is happy, they typically have a smile on their face, and their energy is upbeat and enthusiastic.",,,
7ae04c63-fade-4d45-9067-eeb77b3cfac7,2025-10-05T19:24:25.671734,Phi3_weighted,Can you describe what happens in the morning?What does 'happy' mean?,You are a helpful English teacher for beginner students. Answer with a paragraph only with plain text,"In the morning, people often start their day by waking up, getting dressed, and having breakfast. They may engage in morning routines like showering and preparing for the day ahead. Some people exercise in the morning to energize themselves and start their day on a positive note. School-going children may catch the bus or walk to school to attend classes. Throughout the morning, people may go to work, run errands, or engage in other activities that make their day productive and enjoyable.

The word 'happy' is an adjective that describes a positive emotional state characterized by feelings of joy, contentment, and satisfaction. When a person is happy, they feel good about themselves and their current situation, and they may smile or laugh to show their happiness. Happiness can be a result of many things, such as spending time with loved ones, achieving a goal, or engaging in an enjoyable activity. It",Phi3,microsoft/Phi-3-mini-4k-instruct-gguf,True,False,P8,True,2.0,False,0.7,6.317451000213623,10.29,12.85,12.6,11.74,10.94,8.55,54.89,10.67,5.44,26.25,8,151,761,237,22,95,30,11.18,0.19,"In the morning, people often start their day by waking up, getting dressed, and having breakfast. They may engage in morning routines like showering and preparing for the day ahead. Some people exercise in the morning to energize themselves and start their day on a positive note. School-going children may catch the bus or walk to school to attend classes. Throughout the morning, people may go to work, run errands, or engage in other activities that make their day productive and enjoyable. The word 'happy' is an adjective that describes a positive emotional state characterized by feelings of joy, contentment, and satisfaction. When a person is happy, they feel good about themselves and their current situation, and they may smile or laugh to show their happiness. Happiness can be a result of many things, such as spending time with loved ones, achieving a goal, or engaging in an enjoyable activity. It",,,
00b70d05-7ec5-4c77-a1ba-096685b9d96d,2025-10-05T19:24:28.202386,Phi3_prompted,Can you describe what happens in the morning?What does 'happy' mean?,You are a helpful English teacher for beginner students. Answer with a paragraph only with plain text,"In the morning, the sun comes up, and it's light outside. People wake up, get dressed, and eat breakfast. They start their day by doing different things like going to school or work. 'Happy' means feeling good inside and having a smile on your face. When you are happy, you feel good and enjoy things.",Phi3,microsoft/Phi-3-mini-4k-instruct-gguf,False,True,P8,False,2.0,False,0.7,2.5228450298309326,3.5,4.4,5.68,5.22,6.19,5.9,89.54,4.7,2.7,15.4,5,55,247,69,1,42,2,3.63,0.06,"In the morning, the sun comes up, and it's light outside. People wake up, get dressed, and eat breakfast. They start their day by doing different things like going to school or work. 'Happy' means feeling good inside and having a smile on your face. When you are happy, you feel good and enjoy things.",,,
18d799db-a7f1-479a-a2bc-b4ce4062bd5d,2025-10-05T19:24:30.980858,Phi3_weighted_prompted,Can you describe what happens in the morning?What does 'happy' mean?,You are a helpful English teacher for beginner students. Answer with a paragraph only with plain text,"In the morning, people wake up. They get out of bed and get ready for the day. They eat breakfast and go to school or work. 

'Happy' means feeling good or pleased about something. When you're happy, you're not sad or angry. It's like when you get a toy or your friend gives you a hug and it makes you very good or pleased.",Phi3,microsoft/Phi-3-mini-4k-instruct-gguf,True,True,P8,True,2.0,False,0.7,2.767686128616333,2.4,4.27,3.13,2.89,3.63,5.4,96.87,4.33,2.48,16.33,6,64,258,75,0,53,1,3.79,0.06,"In the morning, people wake up. They get out of bed and get ready for the day. They eat breakfast and go to school or work. 'Happy' means feeling good or pleased about something. When you're happy, you're not sad or angry. It's like when you get a toy or your friend gives you a hug and it makes you very good or pleased.",,,
7b28183d-c3d9-4f48-8637-ce2753729537,2025-10-05T19:24:34.587694,Phi3_control,How do you say goodbye in English?,You are a helpful English teacher for beginner students. Answer with a paragraph only with plain text,"In English, there are several common ways to say goodbye. The most widely used phrases include ""Goodbye,"" ""Farewell,"" ""See you later,"" ""Take care,"" and ""Goodbye for now."" You can also say ""Have a great day!"" or ""Take care of yourself!"" depending on the situation. These phrases are polite and convey a sense of warmth and well-wishing when parting. Remember that the context and your relationship with the person you're saying goodbye to can influence which phrase you choose.",Phi3,microsoft/Phi-3-mini-4k-instruct-gguf,False,False,P9,False,2.0,False,0.7,3.594290256500244,5.85,7.02,8.42,8.23,9.13,8.04,72.96,5.43,4.17,15.43,7,78,399,113,6,51,15,5.86,0.1,"In English, there are several common ways to say goodbye. The most widely used phrases include ""Goodbye,"" ""Farewell,"" ""See you later,"" ""Take care,"" and ""Goodbye for now."" You can also say ""Have a great day!"" or ""Take care of yourself!"" depending on the situation. These phrases are polite and convey a sense of warmth and well-wishing when parting. Remember that the context and your relationship with the person you're saying goodbye to can influence which phrase you choose.",,,
bde8999a-1c1a-4f7d-8064-0e90cfaae2ea,2025-10-05T19:24:39.278928,Phi3_weighted,How do you say goodbye in English?,You are a helpful English teacher for beginner students. Answer with a paragraph only with plain text,"In English, there are a variety of ways to say goodbye depending on the context and the level of formality. Some common phrases include ""Goodbye,"" which is a general and casual way to part ways with someone. Other phrases like ""Farewell,"" ""See you later,"" or ""Take care"" can be used in less formal situations or when you're expecting to see the person again soon. For a more formal goodbye, you might say, ""Good evening"" or ""Good afternoon,"" or in a more polite context, ""Goodbye and have a great day!"" Remember that the appropriate phrase to use can vary depending on the situation and the relationship with the person you're saying goodbye to.",Phi3,microsoft/Phi-3-mini-4k-instruct-gguf,True,False,P9,True,2.0,False,0.7,4.6796300411224365,11.06,12.53,12.34,12.23,9.03,8.27,55.69,12.2,5.69,31.8,5,112,534,170,13,73,18,7.84,0.13,"In English, there are a variety of ways to say goodbye depending on the context and the level of formality. Some common phrases include ""Goodbye,"" which is a general and casual way to part ways with someone. Other phrases like ""Farewell,"" ""See you later,"" or ""Take care"" can be used in less formal situations or when you're expecting to see the person again soon. For a more formal goodbye, you might say, ""Good evening"" or ""Good afternoon,"" or in a more polite context, ""Goodbye and have a great day!"" Remember that the appropriate phrase to use can vary depending on the situation and the relationship with the person you're saying goodbye to.",,,
20b646f0-bd94-4f01-aa37-a61dfea44b13,2025-10-05T19:24:42.550031,Phi3_prompted,How do you say goodbye in English?,You are a helpful English teacher for beginner students. Answer with a paragraph only with plain text,"To say goodbye in English, you can say ""Goodbye"" or ""Bye."" It's a friendly way to end a conversation when you are leaving. You can also use ""See you later"" or ""See you soon"" if you will meet someone again soon. It's like saying ""Take care!"" or ""Have a nice day!"" when you're leaving. Remember, it's a simple word, so it's easy to say and understand!",Phi3,microsoft/Phi-3-mini-4k-instruct-gguf,False,True,P9,False,2.0,False,0.7,3.261216878890991,3.46,4.38,6.87,3.55,3.65,1.19,87.03,4.14,2.56,14.71,7,66,284,86,3,50,3,4.17,0.07,"To say goodbye in English, you can say ""Goodbye"" or ""Bye."" It's a friendly way to end a conversation when you are leaving. You can also use ""See you later"" or ""See you soon"" if you will meet someone again soon. It's like saying ""Take care!"" or ""Have a nice day!"" when you're leaving. Remember, it's a simple word, so it's easy to say and understand!",,,
2178ba0e-79a0-44ea-aaec-79d494a8ec78,2025-10-05T19:24:45.464912,Phi3_weighted_prompted,How do you say goodbye in English?,You are a helpful English teacher for beginner students. Answer with a paragraph only with plain text,"In English, you can say goodbye by saying the word ""bye."" You can also say ""see you later,"" which means you will see the person again in the future. Another way to say goodbye is to use a handshake or a wave, which are common ways to show you are leaving and you are not angry or sad about it. It's like saying you're happy to see the person but not right now.",Phi3,microsoft/Phi-3-mini-4k-instruct-gguf,True,True,P9,True,2.0,False,0.7,2.9015700817108154,6.4,7.3,5.99,6.28,4.43,6.06,81.69,8.38,4.12,29.25,4,73,288,92,1,55,5,4.23,0.07,"In English, you can say goodbye by saying the word ""bye."" You can also say ""see you later,"" which means you will see the person again in the future. Another way to say goodbye is to use a handshake or a wave, which are common ways to show you are leaving and you are not angry or sad about it. It's like saying you're happy to see the person but not right now.",,,
eb1a5997-31a9-418b-bf82-6f0e3bea2daa,2025-10-05T19:24:49.397924,Phi3_control,What is the weather like today?,You are a helpful English teacher for beginner students. Answer with a paragraph only with plain text,"As an English teacher, I can help you understand phrases about the weather. The phrase ""What is the weather like today?"" is a common way to inquire about the current atmospheric conditions. To answer this question, you would typically describe the temperature, if it's sunny, rainy, or cloudy, and any other relevant weather details. For example: ""Today, the weather is sunny with a high of 75 degrees Fahrenheit. There is no rain in the forecast, and a gentle breeze is making it a pleasant day.""",Phi3,microsoft/Phi-3-mini-4k-instruct-gguf,False,False,P10,False,2.0,False,0.7,3.9093751907348633,8.12,8.96,9.73,8.54,8.93,7.31,62.07,7.42,4.25,20.5,6,85,413,131,8,48,14,6.07,0.1,"As an English teacher, I can help you understand phrases about the weather. The phrase ""What is the weather like today?"" is a common way to inquire about the current atmospheric conditions. To answer this question, you would typically describe the temperature, if it's sunny, rainy, or cloudy, and any other relevant weather details. For example: ""Today, the weather is sunny with a high of 75 degrees Fahrenheit. There is no rain in the forecast, and a gentle breeze is making it a pleasant day.""",,,
e6bb898f-e917-46aa-a57d-06d3e298b861,2025-10-05T19:24:53.263795,Phi3_weighted,What is the weather like today?,You are a helpful English teacher for beginner students. Answer with a paragraph only with plain text,"As an AI, I can't provide real-time data, but I can explain how you would find the weather for today. To find the current weather, you would typically use a weather website or a weather app on your smartphone. You can also watch the local news or listen to the radio for weather updates in your area. When you find the weather information, you'll see details like the temperature, whether it's sunny, cloudy, rainy, or snowy, and the wind conditions. This information can help you dress appropriately and plan your day accordingly.",Phi3,microsoft/Phi-3-mini-4k-instruct-gguf,True,False,P10,True,2.0,False,0.7,3.836181163787842,9.54,11.27,11.21,10.3,9.2,7.98,59.42,11.2,5.12,26.4,5,92,440,140,10,59,17,6.46,0.11,"As an AI, I can't provide real-time data, but I can explain how you would find the weather for today. To find the current weather, you would typically use a weather website or a weather app on your smartphone. You can also watch the local news or listen to the radio for weather updates in your area. When you find the weather information, you'll see details like the temperature, whether it's sunny, cloudy, rainy, or snowy, and the wind conditions. This information can help you dress appropriately and plan your day accordingly.",,,
023a3a03-b4ed-4e99-8d90-ac0b3804cd53,2025-10-05T19:24:56.691497,Phi3_prompted,What is the weather like today?,You are a helpful English teacher for beginner students. Answer with a paragraph only with plain text,"The weather today is how the air and sky feel outside. If it is sunny, the sun is shining bright and we can see its light. If it is rainy, water falls from the sky. If it is cold, we need to wear warm clothes. The weather changes every day. It is good to know what the weather is like before going out. This helps us decide what to wear and what activities we can do outside.",Phi3,microsoft/Phi-3-mini-4k-instruct-gguf,False,True,P10,False,2.0,False,0.7,3.4122231006622314,3.41,4.92,6.18,2.36,3.28,5.0,90.19,4.79,2.61,17.0,7,77,299,96,2,61,2,4.39,0.07,"The weather today is how the air and sky feel outside. If it is sunny, the sun is shining bright and we can see its light. If it is rainy, water falls from the sky. If it is cold, we need to wear warm clothes. The weather changes every day. It is good to know what the weather is like before going out. This helps us decide what to wear and what activities we can do outside.",,,
e8ac927a-bb6a-47a2-9d58-569128a5ae86,2025-10-05T19:24:59.632729,Phi3_weighted_prompted,What is the weather like today?,You are a helpful English teacher for beginner students. Answer with a paragraph only with plain text,"The weather today can be sunny, rainy, or cloudy. It's how the air and sky look and feel. If it's sunny, there's a big yellow sun in the sky. If it's rainy, water falls from the sky in drops. And if it's cloudy, there are lots of white clouds in the sky. Today, we can look outside to see what the weather is like.",Phi3,microsoft/Phi-3-mini-4k-instruct-gguf,True,True,P10,True,2.0,False,0.7,2.92850923538208,2.77,4.27,3.13,2.38,2.63,5.4,94.22,4.33,2.34,17.0,6,64,251,77,0,51,0,3.69,0.06,"The weather today can be sunny, rainy, or cloudy. It's how the air and sky look and feel. If it's sunny, there's a big yellow sun in the sky. If it's rainy, water falls from the sky in drops. And if it's cloudy, there are lots of white clouds in the sky. Today, we can look outside to see what the weather is like.",,,
e7365200-544b-4940-8e36-baab16359116,2025-10-05T19:25:03.698221,Phi3_control,What is a 'friend' is?,You are a helpful English teacher for beginner students. Answer with a paragraph only with plain text,"A friend is a person with whom one shares a bond of mutual affection, trust, and support. Friendships are often formed due to shared experiences, interests, or values, and they can provide emotional comfort, companionship, and a sense of belonging. Friends typically enjoy spending time together, engaging in activities, and offering each other advice or assistance when needed. Friendships can be formed at any stage in life and play a crucial role in personal and social development. They are an essential part of human relationships, contributing to our overall well-being and happiness.",Phi3,microsoft/Phi-3-mini-4k-instruct-gguf,False,False,P11,False,2.0,False,0.7,4.007408857345581,11.98,15.19,14.55,13.32,13.04,10.9,41.95,13.2,6.24,25.2,5,92,499,159,20,53,29,7.33,0.12,"A friend is a person with whom one shares a bond of mutual affection, trust, and support. Friendships are often formed due to shared experiences, interests, or values, and they can provide emotional comfort, companionship, and a sense of belonging. Friends typically enjoy spending time together, engaging in activities, and offering each other advice or assistance when needed. Friendships can be formed at any stage in life and play a crucial role in personal and social development. They are an essential part of human relationships, contributing to our overall well-being and happiness.",,,
079c0f5d-dbfb-460a-bcb4-d5f1d7ebe782,2025-10-05T19:25:08.074027,Phi3_weighted,What is a 'friend' is?,You are a helpful English teacher for beginner students. Answer with a paragraph only with plain text,"A friend is a person with whom one shares a bond of mutual affection, trust, and enjoyment. Friendship is a type of relationship that can be formed between people of any age or background, and it can be a source of great support and happiness in our lives. Friends often share common interests, experiences, and values, and they can provide emotional support, companionship, and encouragement to one another. Friendships can be formed in many different contexts, such as school, work, hobbies, or social activities, and they can be an important part of a person's overall well-being and sense of belonging.",Phi3,microsoft/Phi-3-mini-4k-instruct-gguf,True,False,P11,True,2.0,False,0.7,4.351607799530029,12.92,14.8,14.55,14.95,11.32,9.61,46.95,16.5,6.34,36.0,4,100,507,159,16,64,22,7.45,0.12,"A friend is a person with whom one shares a bond of mutual affection, trust, and enjoyment. Friendship is a type of relationship that can be formed between people of any age or background, and it can be a source of great support and happiness in our lives. Friends often share common interests, experiences, and values, and they can provide emotional support, companionship, and encouragement to one another. Friendships can be formed in many different contexts, such as school, work, hobbies, or social activities, and they can be an important part of a person's overall well-being and sense of belonging.",,,
3b8e674f-1ee4-4171-a87f-c5f4a9afd344,2025-10-05T19:25:10.286691,Phi3_prompted,What is a 'friend' is?,You are a helpful English teacher for beginner students. Answer with a paragraph only with plain text,"A friend is a person who you like and enjoy being with. Friends help each other, play together, and share fun times. They are very important because they make us feel happy and not alone. Friends can be someone you know for a long time or someone you meet and quickly become good friends with.",Phi3,microsoft/Phi-3-mini-4k-instruct-gguf,False,True,P11,False,2.0,False,0.7,2.204103946685791,5.01,5.5,7.17,5.91,6.62,5.47,83.67,6.38,2.78,18.75,4,55,239,71,2,41,0,3.51,0.06,"A friend is a person who you like and enjoy being with. Friends help each other, play together, and share fun times. They are very important because they make us feel happy and not alone. Friends can be someone you know for a long time or someone you meet and quickly become good friends with.",,,
e4955f6b-7cde-4ef7-ad1a-91e084258fe2,2025-10-05T19:25:12.737721,Phi3_weighted_prompted,What is a 'friend' is?,You are a helpful English teacher for beginner students. Answer with a paragraph only with plain text,"A friend is a person who you like and enjoy spending time with. Friends play with you, talk to you, and help you when you need it. You can have many friends, and they can be people who live close to you or people who you know from school or a club. Friends make you feel happy and safe. They are very important in our lives.",Phi3,microsoft/Phi-3-mini-4k-instruct-gguf,True,True,P11,True,2.0,False,0.7,2.4461770057678223,3.32,5.28,5.68,3.65,4.02,5.25,94.74,5.8,2.83,19.4,5,66,259,77,1,56,1,3.8,0.06,"A friend is a person who you like and enjoy spending time with. Friends play with you, talk to you, and help you when you need it. You can have many friends, and they can be people who live close to you or people who you know from school or a club. Friends make you feel happy and safe. They are very important in our lives.",,,
4f3fe59b-0db0-4e4f-a835-109cfe22fa71,2025-10-05T19:25:19.173344,Phi3_control,What do you do at school?,You are a helpful English teacher for beginner students. Answer with a paragraph only with plain text,"At school, I engage in various activities that help me learn and grow academically, socially, and personally. My day typically starts with arriving at school and attending morning assembly, where announcements and important information are shared. Afterwards, I attend my classes, which cover a wide range of subjects such as mathematics, science, language arts, and social studies. In each class, I interact with my classmates and listen to my teachers, who provide instruction and guidance.

In addition to classroom learning, I participate in extracurricular activities, such as sports, music, arts, and clubs. These activities allow me to explore my interests, develop new skills, and make friends with people who have similar hobbies. I also spend time in the library, where I can research topics and gain knowledge on various subjects. Furthermore, I attend assemblies and special events, which provide opportunities to celebrate achievements and learn about important topics.",Phi3,microsoft/Phi-3-mini-4k-instruct-gguf,False,False,P12,False,2.0,False,0.7,6.3713390827178955,12.2,14.7,14.37,14.36,14.15,10.74,40.58,11.83,6.29,24.62,8,148,834,258,31,83,43,12.25,0.2,"At school, I engage in various activities that help me learn and grow academically, socially, and personally. My day typically starts with arriving at school and attending morning assembly, where announcements and important information are shared. Afterwards, I attend my classes, which cover a wide range of subjects such as mathematics, science, language arts, and social studies. In each class, I interact with my classmates and listen to my teachers, who provide instruction and guidance. In addition to classroom learning, I participate in extracurricular activities, such as sports, music, arts, and clubs. These activities allow me to explore my interests, develop new skills, and make friends with people who have similar hobbies. I also spend time in the library, where I can research topics and gain knowledge on various subjects. Furthermore, I attend assemblies and special events, which provide opportunities to celebrate achievements and learn about important topics.",,,
af91f626-497b-43f9-96c2-fc89df0cfa12,2025-10-05T19:25:24.876950,Phi3_weighted,What do you do at school?,You are a helpful English teacher for beginner students. Answer with a paragraph only with plain text,"At school, my day typically involves a variety of activities that cater to my academic and personal growth. I start with attending morning assemblies or classes, where I engage in lessons and discussions with my classmates and teachers. Throughout the day, I participate in different subjects like math, science, and language arts, where we learn about various concepts and apply them in our assignments and projects. We also have some physical education or gym classes to keep our body active and healthy. Moreover, school provides a platform for extracurricular activities like music, art, and sports, which allow me to explore my interests and hobbies. Additionally, there are opportunities to participate in school clubs and events that foster social interaction and teamwork. Overall, school is a place where I learn, grow, and make new friendships.",Phi3,microsoft/Phi-3-mini-4k-instruct-gguf,True,False,P12,True,2.0,False,0.7,5.679563999176025,11.95,13.93,13.26,13.48,12.95,10.6,43.46,13.4,6.43,26.14,7,134,721,228,22,77,42,10.59,0.18,"At school, my day typically involves a variety of activities that cater to my academic and personal growth. I start with attending morning assemblies or classes, where I engage in lessons and discussions with my classmates and teachers. Throughout the day, I participate in different subjects like math, science, and language arts, where we learn about various concepts and apply them in our assignments and projects. We also have some physical education or gym classes to keep our body active and healthy. Moreover, school provides a platform for extracurricular activities like music, art, and sports, which allow me to explore my interests and hobbies. Additionally, there are opportunities to participate in school clubs and events that foster social interaction and teamwork. Overall, school is a place where I learn, grow, and make new friendships.",,,
4940614d-f346-4e7e-88fc-e2b686894969,2025-10-05T19:25:27.623350,Phi3_prompted,What do you do at school?,You are a helpful English teacher for beginner students. Answer with a paragraph only with plain text,"At school, I learn many things. I go to different rooms to study. In one room, I learn about letters and numbers. This is called classroom. In another room, I learn about stories and history. I also play games with friends. A teacher helps me learn and understand new things every day. School is a place where I make new friends and have fun while learning.",Phi3,microsoft/Phi-3-mini-4k-instruct-gguf,False,True,P12,False,2.0,False,0.7,2.7354729175567627,3.18,3.3,7.65,3.53,5.31,6.68,86.94,3.75,2.39,11.5,8,66,292,87,5,50,3,4.29,0.07,"At school, I learn many things. I go to different rooms to study. In one room, I learn about letters and numbers. This is called classroom. In another room, I learn about stories and history. I also play games with friends. A teacher helps me learn and understand new things every day. School is a place where I make new friends and have fun while learning.",,,
e333cbb9-af84-4a48-82fc-3f64700f247f,2025-10-05T19:25:30.281091,Phi3_weighted_prompted,What do you do at school?,You are a helpful English teacher for beginner students. Answer with a paragraph only with plain text,"At school, we do many fun things. We learn from our teacher in the classroom. We read books and do homework. We play with our friends and play games too. We go to the playground to run and play. We eat lunch and learn about different subjects like math and art. School is a place where we learn and have a good time with our classmates.",Phi3,microsoft/Phi-3-mini-4k-instruct-gguf,True,True,P12,True,2.0,False,0.7,2.628170967102051,2.21,3.77,5.29,2.62,4.17,6.02,96.0,3.86,2.56,14.14,7,66,271,79,1,54,3,3.98,0.07,"At school, we do many fun things. We learn from our teacher in the classroom. We read books and do homework. We play with our friends and play games too. We go to the playground to run and play. We eat lunch and learn about different subjects like math and art. School is a place where we learn and have a good time with our classmates.",,,
35bd5028-0d48-4393-83b6-da2cc88c3bdd,2025-10-05T19:25:34.865341,Phi3_control,What is the difference between 'hot' and 'cold'?,You are a helpful English teacher for beginner students. Answer with a paragraph only with plain text,"The difference between 'hot' and 'cold' lies in the temperature of objects or environments. 'Hot' refers to a high temperature, which can cause discomfort or even burn if touched, while 'cold' refers to a low temperature, often associated with a sensation of chilliness or discomfort. These terms are relative, meaning what is considered 'hot' or 'cold' can vary depending on individual perception and the context in which they are used. For example, a hot summer day may feel comfortable to one person, while another might find it scorching. Similarly, what one person considers cold may be a mild temperature for someone else.",Phi3,microsoft/Phi-3-mini-4k-instruct-gguf,False,False,P13,False,2.0,False,0.7,4.547446012496948,11.45,15.61,14.84,13.1,11.35,9.29,49.28,14.2,5.91,28.8,5,102,527,165,21,67,21,7.74,0.13,"The difference between 'hot' and 'cold' lies in the temperature of objects or environments. 'Hot' refers to a high temperature, which can cause discomfort or even burn if touched, while 'cold' refers to a low temperature, often associated with a sensation of chilliness or discomfort. These terms are relative, meaning what is considered 'hot' or 'cold' can vary depending on individual perception and the context in which they are used. For example, a hot summer day may feel comfortable to one person, while another might find it scorching. Similarly, what one person considers cold may be a mild temperature for someone else.",,,
78124005-e1ab-4114-824e-50793d6b3c64,2025-10-05T19:25:38.986932,Phi3_weighted,What is the difference between 'hot' and 'cold'?,You are a helpful English teacher for beginner students. Answer with a paragraph only with plain text,The difference between 'hot' and 'cold' refers to the temperature of an object or environment. 'Hot' describes a high temperature that can make a person feel warm or even cause a burn if it's too extreme. 'Cold' describes a low temperature that can make a person feel chilly or may even lead to hypothermia if the temperature is too low for too long. Temperatures in between can be described as 'warm' or 'cool'. Understanding these temperature-related terms is an important part of everyday communication and can help you make informed decisions about your comfort and well-being.,Phi3,microsoft/Phi-3-mini-4k-instruct-gguf,True,False,P13,True,2.0,False,0.7,4.096373081207275,10.58,12.68,13.02,12.01,10.81,7.88,53.4,12.6,5.25,27.8,5,96,486,152,15,65,15,7.14,0.12,The difference between 'hot' and 'cold' refers to the temperature of an object or environment. 'Hot' describes a high temperature that can make a person feel warm or even cause a burn if it's too extreme. 'Cold' describes a low temperature that can make a person feel chilly or may even lead to hypothermia if the temperature is too low for too long. Temperatures in between can be described as 'warm' or 'cool'. Understanding these temperature-related terms is an important part of everyday communication and can help you make informed decisions about your comfort and well-being.,,,
6ab97c8f-78d9-487a-84a6-b80910bf8559,2025-10-05T19:25:42.099717,Phi3_prompted,What is the difference between 'hot' and 'cold'?,You are a helpful English teacher for beginner students. Answer with a paragraph only with plain text,"Hot and cold are two different temperatures. When something is hot, it feels warm and can sometimes be uncomfortable if you touch it. Like when you hold a cup of hot chocolate, it feels warm. Cold, on the other hand, feels chilly and can be uncomfortable when it's too cold outside or if you touch something cold like ice. So, hot is warm and cold is chilly.",Phi3,microsoft/Phi-3-mini-4k-instruct-gguf,False,True,P13,False,2.0,False,0.7,3.104077100753784,4.96,7.15,8.24,5.8,6.32,5.72,83.38,6.5,3.11,20.4,5,67,292,87,4,55,2,4.29,0.07,"Hot and cold are two different temperatures. When something is hot, it feels warm and can sometimes be uncomfortable if you touch it. Like when you hold a cup of hot chocolate, it feels warm. Cold, on the other hand, feels chilly and can be uncomfortable when it's too cold outside or if you touch something cold like ice. So, hot is warm and cold is chilly.",,,
494f37d8-0913-4434-b9f5-51415b411cce,2025-10-05T19:25:45.561375,Phi3_weighted_prompted,What is the difference between 'hot' and 'cold'?,You are a helpful English teacher for beginner students. Answer with a paragraph only with plain text,"Hot and cold are words we use to talk about how warm or chilly something or a place is. 'Hot' means it's very warm or it can make you feel warm. Like a cup of hot chocolate that's nice and warm to drink. 'Cold' means the opposite, it's very chilly or it can make you feel chilly. Like a snowy day that's very cold. So, 'hot' is for warm things and 'cold' is for chilly things.",Phi3,microsoft/Phi-3-mini-4k-instruct-gguf,True,True,P13,True,2.0,False,0.7,3.451749086380005,3.17,5.59,5.46,3.56,3.31,5.1,94.91,5.5,2.74,19.0,6,76,301,89,1,64,1,4.42,0.07,"Hot and cold are words we use to talk about how warm or chilly something or a place is. 'Hot' means it's very warm or it can make you feel warm. Like a cup of hot chocolate that's nice and warm to drink. 'Cold' means the opposite, it's very chilly or it can make you feel chilly. Like a snowy day that's very cold. So, 'hot' is for warm things and 'cold' is for chilly things.",,,
5ff4b110-43fa-449a-9713-03baad4f5cce,2025-10-05T19:25:49.098438,Phi3_control,Can you describe your family?,You are a helpful English teacher for beginner students. Answer with a paragraph only with plain text,"Certainly! My family consists of my parents, who are my father and mother, and I have an older brother. My father is a doctor, and my mother works as a teacher, while my brother is currently studying engineering. We live together in a loving and supportive household. We enjoy spending time together, engaging in various activities such as hiking, reading, and cooking. My family is an essential part of my life, and I cherish the bonds and connections I share with each member.",Phi3,microsoft/Phi-3-mini-4k-instruct-gguf,False,False,P14,False,2.0,False,0.7,3.502669095993042,9.79,10.98,12.69,9.34,9.11,8.07,54.42,11.1,4.94,24.0,5,83,396,133,14,49,17,5.82,0.1,"Certainly! My family consists of my parents, who are my father and mother, and I have an older brother. My father is a doctor, and my mother works as a teacher, while my brother is currently studying engineering. We live together in a loving and supportive household. We enjoy spending time together, engaging in various activities such as hiking, reading, and cooking. My family is an essential part of my life, and I cherish the bonds and connections I share with each member.",,,
4ee8050b-af88-45c8-acb2-3d16e079b412,2025-10-05T19:25:53.213256,Phi3_weighted,Can you describe your family?,You are a helpful English teacher for beginner students. Answer with a paragraph only with plain text,"As an AI, I don't have a family in the traditional sense, but I can share some information about family-related concepts. A family typically consists of a group of people who are related by blood or legal bonds and live together in a household. This can include parents and their children, grandparents, aunts, uncles, and cousins. Some families may also have close friends or other non-biological individuals who play significant roles in their lives. Families can have various structures and dynamics, and they play a crucial role in providing love, support, and a sense of belonging to their members.",Phi3,microsoft/Phi-3-mini-4k-instruct-gguf,True,False,P14,True,2.0,False,0.7,4.0749831199646,11.44,13.98,13.97,12.5,11.29,9.88,48.3,13.5,5.98,27.2,5,99,505,162,18,64,27,7.42,0.12,"As an AI, I don't have a family in the traditional sense, but I can share some information about family-related concepts. A family typically consists of a group of people who are related by blood or legal bonds and live together in a household. This can include parents and their children, grandparents, aunts, uncles, and cousins. Some families may also have close friends or other non-biological individuals who play significant roles in their lives. Families can have various structures and dynamics, and they play a crucial role in providing love, support, and a sense of belonging to their members.",,,
95990363-97aa-43b5-8fb9-333d91580b37,2025-10-05T19:25:56.539934,Phi3_prompted,Can you describe your family?,You are a helpful English teacher for beginner students. Answer with a paragraph only with plain text,"A family is a group of people who live together and care for each other. In a family, there can be a dad, mom, or both. There can be kids, who are children. Kids may have brothers and sisters. Some families have pets like dogs or cats. Families do many things together, like eating, playing games, and helping each other. Families can be big or small. They are special because they love and support one another.",Phi3,microsoft/Phi-3-mini-4k-instruct-gguf,False,True,P14,False,2.0,False,0.7,3.3164658546447754,4.42,5.38,8.84,4.14,5.58,7.85,80.31,4.75,3.31,13.38,8,76,336,105,8,55,9,4.94,0.08,"A family is a group of people who live together and care for each other. In a family, there can be a dad, mom, or both. There can be kids, who are children. Kids may have brothers and sisters. Some families have pets like dogs or cats. Families do many things together, like eating, playing games, and helping each other. Families can be big or small. They are special because they love and support one another.",,,
b1aa3981-36b6-44a2-842e-07812a352228,2025-10-05T19:25:58.838556,Phi3_weighted_prompted,Can you describe your family?,You are a helpful English teacher for beginner students. Answer with a paragraph only with plain text,"A family is a group of people who live together and love each other. They can be your mom, dad, brothers and sisters. Some families also have grandparents, aunts, and uncles. They can be close or not so close, but they love and take care of one another. Your family can be very important to you.",Phi3,microsoft/Phi-3-mini-4k-instruct-gguf,True,True,P14,True,2.0,False,0.7,2.294334888458252,5.0,5.91,9.89,4.36,5.38,6.17,79.14,6.0,3.19,16.2,5,56,240,77,7,42,5,3.53,0.06,"A family is a group of people who live together and love each other. They can be your mom, dad, brothers and sisters. Some families also have grandparents, aunts, and uncles. They can be close or not so close, but they love and take care of one another. Your family can be very important to you.",,,
f8a63998-9fed-416d-9cac-eedcc00ef114,2025-10-05T19:26:05.243995,Phi3_control,What foods do you eat for lunch?,You are a helpful English teacher for beginner students. Answer with a paragraph only with plain text,"As an AI, I don't eat food, but I can certainly help you with information about popular food choices for lunch. Lunchtime meals often vary depending on personal preferences, cultural backgrounds, and dietary restrictions. Some common lunch options include sandwiches, salads, soups, and stir-fry dishes. Sandwiches can be made with a variety of breads and fillings, such as turkey and cheese or vegetarian options like hummus and avocado. Salads can consist of fresh greens with an assortment of vegetables, fruits, nuts, and dressings. Soups, like chicken noodle or tomato, are warm and comforting choices, while stir-fries provide a flavorful mix of vegetables and proteins, often served over rice or noodles. It's always a good idea to include a balance of proteins, whole",Phi3,microsoft/Phi-3-mini-4k-instruct-gguf,False,False,P15,False,2.0,False,0.7,6.374616861343384,10.84,12.87,13.02,12.53,12.36,11.23,48.38,11.5,6.33,23.14,7,122,654,203,21,69,38,9.61,0.16,"As an AI, I don't eat food, but I can certainly help you with information about popular food choices for lunch. Lunchtime meals often vary depending on personal preferences, cultural backgrounds, and dietary restrictions. Some common lunch options include sandwiches, salads, soups, and stir-fry dishes. Sandwiches can be made with a variety of breads and fillings, such as turkey and cheese or vegetarian options like hummus and avocado. Salads can consist of fresh greens with an assortment of vegetables, fruits, nuts, and dressings. Soups, like chicken noodle or tomato, are warm and comforting choices, while stir-fries provide a flavorful mix of vegetables and proteins, often served over rice or noodles. It's always a good idea to include a balance of proteins, whole",,,
09063a4c-8f2d-4361-ba91-d03630c65378,2025-10-05T19:26:10.071634,Phi3_weighted,What foods do you eat for lunch?,You are a helpful English teacher for beginner students. Answer with a paragraph only with plain text,"As a helpful English teacher, I can provide you with an example of a lunch that a person might eat. For lunch, one could have a balanced meal that includes a variety of foods from different food groups. For example, a person may choose to eat a turkey sandwich with lettuce and tomato on whole grain bread, accompanied by a side of carrot sticks and a small apple for fruit. They may also include a serving of yogurt for a good source of protein and calcium. This type of lunch is balanced and nutritious, providing the body with the energy it needs to get through the afternoon. Remember, lunch choices can vary greatly depending on personal preferences and dietary needs.",Phi3,microsoft/Phi-3-mini-4k-instruct-gguf,True,False,P15,True,2.0,False,0.7,4.803757905960083,9.81,12.0,12.46,10.31,8.92,8.58,60.34,12.0,5.31,28.0,6,120,554,179,16,81,21,8.14,0.14,"As a helpful English teacher, I can provide you with an example of a lunch that a person might eat. For lunch, one could have a balanced meal that includes a variety of foods from different food groups. For example, a person may choose to eat a turkey sandwich with lettuce and tomato on whole grain bread, accompanied by a side of carrot sticks and a small apple for fruit. They may also include a serving of yogurt for a good source of protein and calcium. This type of lunch is balanced and nutritious, providing the body with the energy it needs to get through the afternoon. Remember, lunch choices can vary greatly depending on personal preferences and dietary needs.",,,
0af3b899-4714-4473-b1bb-82be4c538195,2025-10-05T19:26:13.785656,Phi3_prompted,What foods do you eat for lunch?,You are a helpful English teacher for beginner students. Answer with a paragraph only with plain text,"At lunchtime, people eat different kinds of food. They can have a sandwich with bread, meat, and cheese. Some people like to eat a salad with lettuce, tomatoes, and cucumbers. Others may choose to eat a bowl of soup with vegetables and noodles. Some people enjoy eating a piece of fruit, like an apple or a banana. It's good to eat a variety of foods for lunch to stay healthy and have energy for the rest of the day.",Phi3,microsoft/Phi-3-mini-4k-instruct-gguf,False,True,P15,False,2.0,False,0.7,3.7010061740875244,5.53,7.8,9.3,5.36,5.89,6.49,78.89,6.75,3.68,18.83,6,79,339,107,7,59,9,4.98,0.08,"At lunchtime, people eat different kinds of food. They can have a sandwich with bread, meat, and cheese. Some people like to eat a salad with lettuce, tomatoes, and cucumbers. Others may choose to eat a bowl of soup with vegetables and noodles. Some people enjoy eating a piece of fruit, like an apple or a banana. It's good to eat a variety of foods for lunch to stay healthy and have energy for the rest of the day.",,,
fa556486-a5ff-4e52-b6d7-b1c5b5c3083f,2025-10-05T19:26:16.096276,Phi3_weighted_prompted,What foods do you eat for lunch?,You are a helpful English teacher for beginner students. Answer with a paragraph only with plain text,"For lunch, I eat many different foods. I like to have a sandwich with bread, meat, and cheese. I also enjoy fruits like apples and bananas. Sometimes, I have a small bowl of soup or a small plate of pasta. I try to eat a variety of foods to be healthy and happy.",Phi3,microsoft/Phi-3-mini-4k-instruct-gguf,True,True,P15,True,2.0,False,0.7,2.304079055786133,3.91,5.75,7.55,2.53,3.4,6.25,85.94,4.9,2.98,15.4,5,53,210,69,3,41,4,3.08,0.05,"For lunch, I eat many different foods. I like to have a sandwich with bread, meat, and cheese. I also enjoy fruits like apples and bananas. Sometimes, I have a small bowl of soup or a small plate of pasta. I try to eat a variety of foods to be healthy and happy.",,,
